order_id,customer_id,order_date,flower_id,quantity,flower_name,cost_cad
0,335,2024-03-19 22:49:00,7,26,hydrangea,10
1,35,2024-04-16 05:47:00,5,24,pom,7
2,295,2024-03-07 00:25:00,5,20,pom,7
3,421,2024-03-03 03:42:00,3,22,bouquet_rose_yellow,10
4,156,2024-04-11 14:16:00,4,20,bouquet_rose_orange,10
5,239,2024-03-21 12:46:00,10,26,spiders,9
6,269,2024-03-31 20:12:00,12,26,gypsophilia,3
7,142,2024-03-25 02:45:00,8,3,carnation,8
8,66,2024-02-21 21:46:00,7,21,hydrangea,10
9,216,2024-03-07 07:15:00,6,17,tulip,5
10,244,2024-04-19 01:52:00,3,17,bouquet_rose_yellow,10
11,157,2024-03-21 15:24:00,3,22,bouquet_rose_yellow,10
12,516,2024-04-20 08:30:00,12,18,gypsophilia,3
13,525,2024-03-16 07:20:00,10,7,spiders,9
14,11,2024-03-02 08:17:00,2,17,bouquet_rose_red,10
15,471,2024-03-28 21:08:00,2,25,bouquet_rose_red,10
16,419,2024-03-08 00:58:00,9,14,minicarnation,6
17,204,2024-03-28 00:08:00,11,14,spray rose,5
18,100,2024-03-12 21:11:00,12,3,gypsophilia,3
19,18,2024-02-28 06:36:00,11,28,spray rose,5
20,282,2024-04-04 01:18:00,3,29,bouquet_rose_yellow,10
21,253,2024-03-03 20:40:00,4,19,bouquet_rose_orange,10
22,446,2024-02-24 16:32:00,9,3,minicarnation,6
23,184,2024-04-20 20:54:00,0,23,alstromelia,5
24,531,2024-04-13 20:12:00,11,2,spray rose,5
25,527,2024-02-19 22:32:00,10,25,spiders,9
26,467,2024-03-06 10:28:00,12,29,gypsophilia,3
27,517,2024-03-21 01:26:00,12,29,gypsophilia,3
28,107,2024-02-23 12:46:00,2,22,bouquet_rose_red,10
29,518,2024-03-29 16:00:00,3,6,bouquet_rose_yellow,10
30,312,2024-03-26 22:22:00,1,4,bouquet_rose_white,10
31,491,2024-04-03 15:50:00,1,29,bouquet_rose_white,10
32,172,2024-02-24 15:58:00,9,19,minicarnation,6
33,20,2024-04-11 10:41:00,5,20,pom,7
34,111,2024-02-20 14:06:00,12,27,gypsophilia,3
35,429,2024-04-05 06:44:00,9,4,minicarnation,6
36,103,2024-03-07 01:12:00,11,3,spray rose,5
37,386,2024-04-25 06:31:00,12,16,gypsophilia,3
38,20,2024-04-21 03:42:00,10,1,spiders,9
39,223,2024-04-22 07:31:00,8,12,carnation,8
40,202,2024-02-18 08:57:00,7,17,hydrangea,10
41,19,2024-03-14 05:05:00,0,10,alstromelia,5
42,97,2024-04-06 07:12:00,0,16,alstromelia,5
43,430,2024-04-25 20:33:00,1,7,bouquet_rose_white,10
44,138,2024-03-24 17:41:00,11,28,spray rose,5
45,527,2024-02-20 13:01:00,0,16,alstromelia,5
46,78,2024-04-06 14:07:00,0,25,alstromelia,5
47,61,2024-04-24 15:09:00,9,29,minicarnation,6
48,289,2024-03-02 01:11:00,10,3,spiders,9
49,139,2024-03-14 10:42:00,6,20,tulip,5
50,395,2024-03-28 19:04:00,12,29,gypsophilia,3
51,396,2024-04-21 15:45:00,6,29,tulip,5
52,87,2024-04-24 17:06:00,6,16,tulip,5
53,534,2024-03-26 11:21:00,10,17,spiders,9
54,151,2024-04-21 15:39:00,10,6,spiders,9
55,509,2024-03-03 06:08:00,8,24,carnation,8
56,46,2024-02-16 08:53:00,2,28,bouquet_rose_red,10
57,17,2024-03-08 09:36:00,4,10,bouquet_rose_orange,10
58,389,2024-03-18 05:47:00,6,27,tulip,5
59,6,2024-03-26 20:19:00,2,12,bouquet_rose_red,10
60,465,2024-03-20 11:23:00,1,7,bouquet_rose_white,10
61,251,2024-04-05 12:58:00,6,24,tulip,5
62,214,2024-04-28 03:08:00,0,27,alstromelia,5
63,93,2024-02-27 20:06:00,6,20,tulip,5
64,507,2024-03-22 01:35:00,6,16,tulip,5
65,263,2024-02-29 00:05:00,2,21,bouquet_rose_red,10
66,23,2024-02-19 10:42:00,4,23,bouquet_rose_orange,10
67,248,2024-04-14 21:04:00,6,13,tulip,5
68,122,2024-04-04 06:57:00,4,3,bouquet_rose_orange,10
69,149,2024-04-29 17:59:00,4,6,bouquet_rose_orange,10
70,419,2024-04-28 20:16:00,11,22,spray rose,5
71,252,2024-03-20 14:45:00,2,5,bouquet_rose_red,10
72,249,2024-03-08 14:30:00,5,26,pom,7
73,540,2024-04-22 14:29:00,3,3,bouquet_rose_yellow,10
74,101,2024-03-10 14:14:00,12,29,gypsophilia,3
75,110,2024-03-16 00:18:00,2,9,bouquet_rose_red,10
76,252,2024-03-05 10:49:00,3,20,bouquet_rose_yellow,10
77,438,2024-03-26 13:55:00,12,19,gypsophilia,3
78,58,2024-03-26 21:44:00,9,23,minicarnation,6
79,185,2024-03-17 08:57:00,5,10,pom,7
80,7,2024-03-10 05:45:00,1,4,bouquet_rose_white,10
81,31,2024-04-24 17:41:00,8,3,carnation,8
82,80,2024-03-10 11:14:00,4,9,bouquet_rose_orange,10
83,336,2024-04-04 03:47:00,8,10,carnation,8
84,60,2024-04-13 00:30:00,0,1,alstromelia,5
85,216,2024-04-20 03:01:00,9,25,minicarnation,6
86,388,2024-04-20 05:34:00,10,26,spiders,9
87,75,2024-03-03 13:36:00,10,1,spiders,9
88,470,2024-03-27 11:11:00,2,28,bouquet_rose_red,10
89,49,2024-04-04 07:35:00,0,7,alstromelia,5
90,508,2024-04-25 06:34:00,9,16,minicarnation,6
91,526,2024-04-26 07:44:00,1,15,bouquet_rose_white,10
92,169,2024-04-17 23:17:00,1,19,bouquet_rose_white,10
93,258,2024-04-25 08:49:00,4,3,bouquet_rose_orange,10
94,196,2024-04-24 18:56:00,9,27,minicarnation,6
95,336,2024-04-22 05:22:00,7,8,hydrangea,10
96,480,2024-04-15 00:00:00,1,13,bouquet_rose_white,10
97,515,2024-03-31 11:19:00,4,23,bouquet_rose_orange,10
98,216,2024-03-28 01:47:00,10,9,spiders,9
99,405,2024-02-19 13:07:00,10,17,spiders,9
100,199,2024-03-17 07:11:00,9,29,minicarnation,6
101,440,2024-04-15 22:35:00,0,27,alstromelia,5
102,158,2024-04-26 00:15:00,9,17,minicarnation,6
103,464,2024-04-11 14:19:00,7,20,hydrangea,10
104,91,2024-04-19 14:47:00,3,5,bouquet_rose_yellow,10
105,300,2024-04-09 09:18:00,3,15,bouquet_rose_yellow,10
106,60,2024-04-25 16:03:00,12,20,gypsophilia,3
107,113,2024-04-11 10:51:00,8,1,carnation,8
108,283,2024-02-17 03:59:00,8,1,carnation,8
109,475,2024-04-05 04:53:00,8,11,carnation,8
110,41,2024-02-25 17:57:00,2,16,bouquet_rose_red,10
111,11,2024-04-28 14:38:00,9,1,minicarnation,6
112,185,2024-04-26 09:37:00,10,19,spiders,9
113,170,2024-04-05 01:25:00,7,23,hydrangea,10
114,491,2024-02-29 20:26:00,8,1,carnation,8
115,96,2024-02-18 07:04:00,0,17,alstromelia,5
116,490,2024-04-02 20:44:00,2,5,bouquet_rose_red,10
117,503,2024-03-24 07:40:00,12,1,gypsophilia,3
118,182,2024-04-04 09:01:00,11,2,spray rose,5
119,16,2024-03-13 17:07:00,2,27,bouquet_rose_red,10
120,199,2024-04-12 07:16:00,10,8,spiders,9
121,333,2024-02-28 03:41:00,2,26,bouquet_rose_red,10
122,61,2024-03-12 10:24:00,6,1,tulip,5
123,433,2024-03-06 22:10:00,8,24,carnation,8
124,346,2024-04-20 00:36:00,9,11,minicarnation,6
125,360,2024-02-29 03:01:00,6,9,tulip,5
126,533,2024-04-20 01:25:00,11,4,spray rose,5
127,1,2024-03-05 04:04:00,3,8,bouquet_rose_yellow,10
128,175,2024-04-10 13:59:00,5,17,pom,7
129,524,2024-03-11 16:11:00,1,8,bouquet_rose_white,10
130,413,2024-04-14 02:04:00,12,19,gypsophilia,3
131,371,2024-03-05 06:49:00,2,18,bouquet_rose_red,10
132,185,2024-02-23 00:42:00,9,24,minicarnation,6
133,393,2024-03-10 01:24:00,3,17,bouquet_rose_yellow,10
134,35,2024-03-21 08:04:00,5,13,pom,7
135,308,2024-04-11 02:53:00,4,22,bouquet_rose_orange,10
136,515,2024-02-25 07:43:00,7,12,hydrangea,10
137,58,2024-04-23 12:49:00,9,17,minicarnation,6
138,79,2024-03-21 17:06:00,8,15,carnation,8
139,149,2024-04-01 04:02:00,7,5,hydrangea,10
140,171,2024-03-14 05:11:00,7,21,hydrangea,10
141,294,2024-03-08 18:07:00,12,25,gypsophilia,3
142,26,2024-02-24 18:24:00,5,3,pom,7
143,14,2024-04-28 13:52:00,12,3,gypsophilia,3
144,472,2024-02-20 20:01:00,4,21,bouquet_rose_orange,10
145,361,2024-04-25 21:20:00,4,8,bouquet_rose_orange,10
146,353,2024-03-11 11:23:00,5,14,pom,7
147,464,2024-03-21 16:13:00,11,29,spray rose,5
148,248,2024-03-23 17:55:00,7,20,hydrangea,10
149,481,2024-02-27 16:01:00,11,16,spray rose,5
150,150,2024-03-18 05:32:00,5,28,pom,7
151,337,2024-04-11 22:38:00,11,22,spray rose,5
152,298,2024-03-14 12:15:00,8,12,carnation,8
153,183,2024-04-22 09:19:00,3,15,bouquet_rose_yellow,10
154,378,2024-04-06 09:30:00,3,14,bouquet_rose_yellow,10
155,208,2024-03-31 22:09:00,2,9,bouquet_rose_red,10
156,134,2024-03-22 13:27:00,3,15,bouquet_rose_yellow,10
157,40,2024-03-08 12:22:00,8,27,carnation,8
158,230,2024-04-01 09:55:00,7,12,hydrangea,10
159,453,2024-02-27 07:59:00,1,27,bouquet_rose_white,10
160,102,2024-03-14 23:30:00,6,9,tulip,5
161,539,2024-03-06 20:41:00,8,16,carnation,8
162,253,2024-02-23 23:41:00,8,15,carnation,8
163,95,2024-04-28 13:22:00,5,14,pom,7
164,255,2024-04-29 02:47:00,8,27,carnation,8
165,247,2024-03-02 06:42:00,5,28,pom,7
166,448,2024-04-14 04:54:00,11,2,spray rose,5
167,131,2024-02-28 13:07:00,4,8,bouquet_rose_orange,10
168,353,2024-04-25 04:39:00,12,9,gypsophilia,3
169,136,2024-02-25 21:05:00,12,17,gypsophilia,3
170,302,2024-03-10 11:16:00,6,14,tulip,5
171,38,2024-02-20 02:26:00,12,8,gypsophilia,3
172,6,2024-03-06 17:08:00,11,24,spray rose,5
173,32,2024-04-10 04:33:00,2,4,bouquet_rose_red,10
174,413,2024-04-14 16:53:00,1,1,bouquet_rose_white,10
175,37,2024-03-13 08:45:00,2,7,bouquet_rose_red,10
176,73,2024-03-17 18:05:00,4,16,bouquet_rose_orange,10
177,431,2024-03-03 06:25:00,12,12,gypsophilia,3
178,307,2024-04-09 20:51:00,7,3,hydrangea,10
179,10,2024-04-02 16:12:00,11,17,spray rose,5
180,482,2024-04-29 22:15:00,2,18,bouquet_rose_red,10
181,517,2024-03-17 12:14:00,8,1,carnation,8
182,24,2024-02-28 02:21:00,4,3,bouquet_rose_orange,10
183,400,2024-04-15 22:08:00,2,5,bouquet_rose_red,10
184,87,2024-02-19 15:33:00,7,17,hydrangea,10
185,385,2024-04-29 16:16:00,6,15,tulip,5
186,24,2024-04-25 21:27:00,7,22,hydrangea,10
187,55,2024-03-12 00:36:00,3,6,bouquet_rose_yellow,10
188,364,2024-03-28 11:03:00,11,28,spray rose,5
189,462,2024-02-28 04:25:00,10,7,spiders,9
190,24,2024-02-17 22:30:00,2,2,bouquet_rose_red,10
191,532,2024-02-16 00:26:00,12,2,gypsophilia,3
192,361,2024-04-17 04:34:00,8,2,carnation,8
193,377,2024-03-06 21:27:00,8,16,carnation,8
194,403,2024-03-17 22:10:00,0,28,alstromelia,5
195,262,2024-02-16 13:00:00,7,14,hydrangea,10
196,308,2024-03-14 07:08:00,3,25,bouquet_rose_yellow,10
197,467,2024-02-22 07:59:00,4,25,bouquet_rose_orange,10
198,333,2024-02-20 11:39:00,4,19,bouquet_rose_orange,10
199,332,2024-02-22 15:06:00,2,2,bouquet_rose_red,10
200,427,2024-02-27 23:54:00,0,19,alstromelia,5
201,516,2024-03-13 08:14:00,6,10,tulip,5
202,191,2024-03-15 13:17:00,6,9,tulip,5
203,2,2024-03-13 08:11:00,9,23,minicarnation,6
204,194,2024-04-24 19:16:00,7,2,hydrangea,10
205,199,2024-03-01 14:10:00,1,20,bouquet_rose_white,10
206,356,2024-04-02 12:13:00,12,4,gypsophilia,3
207,33,2024-02-29 12:39:00,6,15,tulip,5
208,150,2024-03-11 19:34:00,0,29,alstromelia,5
209,369,2024-02-21 07:26:00,0,6,alstromelia,5
210,482,2024-03-20 01:24:00,11,25,spray rose,5
211,216,2024-03-20 04:16:00,9,7,minicarnation,6
212,404,2024-04-24 14:03:00,12,22,gypsophilia,3
213,461,2024-04-29 20:04:00,1,15,bouquet_rose_white,10
214,255,2024-04-15 13:14:00,12,7,gypsophilia,3
215,66,2024-04-24 07:32:00,12,22,gypsophilia,3
216,503,2024-03-13 09:08:00,2,5,bouquet_rose_red,10
217,210,2024-04-12 13:57:00,11,5,spray rose,5
218,250,2024-04-01 03:29:00,7,16,hydrangea,10
219,479,2024-03-05 02:15:00,12,11,gypsophilia,3
220,6,2024-04-22 14:18:00,7,29,hydrangea,10
221,194,2024-04-23 00:39:00,9,20,minicarnation,6
222,184,2024-04-05 06:03:00,7,18,hydrangea,10
223,223,2024-03-22 12:13:00,2,11,bouquet_rose_red,10
224,212,2024-02-17 05:58:00,5,28,pom,7
225,526,2024-02-22 09:11:00,3,2,bouquet_rose_yellow,10
226,43,2024-04-18 09:24:00,9,19,minicarnation,6
227,241,2024-04-17 02:27:00,4,1,bouquet_rose_orange,10
228,184,2024-03-29 03:06:00,7,5,hydrangea,10
229,491,2024-04-08 01:25:00,7,4,hydrangea,10
230,154,2024-04-09 09:30:00,9,9,minicarnation,6
231,174,2024-03-12 06:43:00,7,9,hydrangea,10
232,213,2024-03-31 23:51:00,4,21,bouquet_rose_orange,10
233,82,2024-03-27 09:18:00,9,1,minicarnation,6
234,389,2024-03-25 09:36:00,7,20,hydrangea,10
235,484,2024-02-28 01:04:00,0,23,alstromelia,5
236,407,2024-02-20 04:02:00,3,2,bouquet_rose_yellow,10
237,53,2024-03-16 20:38:00,6,21,tulip,5
238,333,2024-03-04 04:16:00,3,21,bouquet_rose_yellow,10
239,276,2024-04-05 11:57:00,10,9,spiders,9
240,26,2024-02-29 16:38:00,11,18,spray rose,5
241,278,2024-04-28 00:48:00,12,26,gypsophilia,3
242,510,2024-04-28 23:38:00,9,7,minicarnation,6
243,436,2024-04-29 05:23:00,4,25,bouquet_rose_orange,10
244,365,2024-02-29 18:00:00,5,3,pom,7
245,79,2024-03-15 05:39:00,0,1,alstromelia,5
246,537,2024-04-06 11:07:00,5,22,pom,7
247,219,2024-03-22 21:35:00,12,13,gypsophilia,3
248,49,2024-04-17 12:56:00,10,7,spiders,9
249,183,2024-04-05 13:51:00,10,3,spiders,9
250,274,2024-04-16 23:02:00,1,24,bouquet_rose_white,10
251,492,2024-03-09 13:37:00,8,4,carnation,8
252,301,2024-02-21 03:43:00,4,29,bouquet_rose_orange,10
253,57,2024-04-30 03:00:00,5,22,pom,7
254,305,2024-03-30 11:16:00,2,24,bouquet_rose_red,10
255,127,2024-04-04 11:32:00,2,24,bouquet_rose_red,10
256,383,2024-04-02 23:00:00,4,22,bouquet_rose_orange,10
257,462,2024-04-04 09:03:00,4,15,bouquet_rose_orange,10
258,299,2024-03-19 22:36:00,4,2,bouquet_rose_orange,10
259,485,2024-04-04 23:29:00,10,17,spiders,9
260,126,2024-03-13 01:26:00,11,25,spray rose,5
261,406,2024-04-09 22:42:00,8,19,carnation,8
262,141,2024-03-29 21:50:00,0,9,alstromelia,5
263,479,2024-03-17 12:56:00,3,7,bouquet_rose_yellow,10
264,309,2024-04-04 02:34:00,11,23,spray rose,5
265,46,2024-03-24 01:18:00,2,10,bouquet_rose_red,10
266,505,2024-02-19 06:43:00,7,17,hydrangea,10
267,59,2024-04-24 16:27:00,3,25,bouquet_rose_yellow,10
268,251,2024-04-14 20:27:00,11,2,spray rose,5
269,36,2024-03-21 04:33:00,11,19,spray rose,5
270,476,2024-04-18 06:52:00,5,19,pom,7
271,33,2024-04-03 12:15:00,9,10,minicarnation,6
272,508,2024-03-14 10:22:00,1,1,bouquet_rose_white,10
273,206,2024-03-14 05:30:00,8,16,carnation,8
274,67,2024-04-25 08:08:00,9,22,minicarnation,6
275,399,2024-03-25 12:26:00,5,3,pom,7
276,357,2024-04-19 19:43:00,11,2,spray rose,5
277,509,2024-04-23 00:33:00,11,27,spray rose,5
278,402,2024-04-07 00:19:00,7,16,hydrangea,10
279,371,2024-03-05 18:19:00,2,26,bouquet_rose_red,10
280,451,2024-03-31 20:09:00,1,5,bouquet_rose_white,10
281,34,2024-03-10 09:25:00,8,20,carnation,8
282,524,2024-03-02 01:10:00,9,28,minicarnation,6
283,220,2024-04-15 16:49:00,10,29,spiders,9
284,384,2024-03-02 02:26:00,7,19,hydrangea,10
285,31,2024-04-06 01:18:00,8,13,carnation,8
286,44,2024-02-17 13:57:00,6,28,tulip,5
287,192,2024-03-18 16:37:00,3,7,bouquet_rose_yellow,10
288,437,2024-02-20 14:24:00,5,1,pom,7
289,421,2024-04-15 20:27:00,9,6,minicarnation,6
290,8,2024-03-02 04:55:00,3,6,bouquet_rose_yellow,10
291,285,2024-04-11 19:24:00,6,10,tulip,5
292,211,2024-02-27 11:43:00,7,27,hydrangea,10
293,531,2024-04-26 08:48:00,12,24,gypsophilia,3
294,52,2024-03-09 11:47:00,10,19,spiders,9
295,219,2024-03-25 08:49:00,9,4,minicarnation,6
296,534,2024-03-07 22:48:00,11,11,spray rose,5
297,37,2024-04-06 00:39:00,2,18,bouquet_rose_red,10
298,6,2024-03-17 22:30:00,11,9,spray rose,5
299,514,2024-04-23 16:53:00,9,19,minicarnation,6
300,212,2024-03-31 21:24:00,5,23,pom,7
301,290,2024-04-03 21:49:00,3,13,bouquet_rose_yellow,10
302,397,2024-03-10 22:20:00,3,25,bouquet_rose_yellow,10
303,392,2024-03-14 18:43:00,4,27,bouquet_rose_orange,10
304,181,2024-02-15 14:07:00,0,25,alstromelia,5
305,315,2024-04-27 07:13:00,9,19,minicarnation,6
306,318,2024-03-07 21:46:00,4,7,bouquet_rose_orange,10
307,395,2024-03-03 04:30:00,1,15,bouquet_rose_white,10
308,271,2024-04-11 04:36:00,2,1,bouquet_rose_red,10
309,131,2024-02-22 07:13:00,6,21,tulip,5
310,509,2024-04-28 10:13:00,5,13,pom,7
311,162,2024-03-28 10:59:00,0,28,alstromelia,5
312,535,2024-04-10 15:56:00,6,26,tulip,5
313,167,2024-04-04 08:50:00,6,24,tulip,5
314,347,2024-04-20 17:15:00,4,21,bouquet_rose_orange,10
315,208,2024-03-19 17:34:00,0,21,alstromelia,5
316,105,2024-03-25 03:48:00,5,4,pom,7
317,74,2024-03-07 18:43:00,11,23,spray rose,5
318,60,2024-03-18 14:10:00,10,25,spiders,9
319,267,2024-04-26 07:12:00,4,9,bouquet_rose_orange,10
320,76,2024-02-23 16:44:00,0,13,alstromelia,5
321,491,2024-04-17 03:00:00,0,17,alstromelia,5
322,428,2024-02-18 20:48:00,7,27,hydrangea,10
323,171,2024-03-03 22:31:00,12,26,gypsophilia,3
324,275,2024-03-04 07:29:00,12,1,gypsophilia,3
325,329,2024-03-10 21:40:00,5,5,pom,7
326,307,2024-04-23 02:23:00,5,16,pom,7
327,500,2024-04-11 09:03:00,7,19,hydrangea,10
328,536,2024-04-15 16:28:00,0,27,alstromelia,5
329,277,2024-02-26 20:02:00,12,15,gypsophilia,3
330,24,2024-02-20 13:17:00,4,17,bouquet_rose_orange,10
331,301,2024-04-24 17:28:00,10,20,spiders,9
332,181,2024-03-12 15:55:00,5,15,pom,7
333,97,2024-03-02 01:48:00,1,9,bouquet_rose_white,10
334,34,2024-02-19 04:16:00,6,16,tulip,5
335,341,2024-04-29 22:09:00,3,19,bouquet_rose_yellow,10
336,390,2024-02-17 17:03:00,3,19,bouquet_rose_yellow,10
337,248,2024-03-21 15:43:00,8,14,carnation,8
338,235,2024-02-18 20:56:00,0,1,alstromelia,5
339,39,2024-03-15 19:09:00,2,29,bouquet_rose_red,10
340,264,2024-02-15 20:05:00,2,10,bouquet_rose_red,10
341,149,2024-04-08 23:23:00,1,17,bouquet_rose_white,10
342,75,2024-03-07 18:29:00,10,7,spiders,9
343,108,2024-03-02 15:57:00,4,9,bouquet_rose_orange,10
344,133,2024-04-25 04:33:00,10,25,spiders,9
345,433,2024-04-05 18:01:00,6,22,tulip,5
346,468,2024-03-15 12:39:00,8,4,carnation,8
347,471,2024-04-25 16:22:00,8,26,carnation,8
348,274,2024-04-17 06:39:00,12,26,gypsophilia,3
349,125,2024-02-18 04:11:00,1,5,bouquet_rose_white,10
350,180,2024-02-19 22:58:00,6,15,tulip,5
351,10,2024-04-21 03:13:00,8,17,carnation,8
352,188,2024-02-21 20:44:00,12,5,gypsophilia,3
353,501,2024-03-02 00:06:00,2,4,bouquet_rose_red,10
354,204,2024-04-07 14:51:00,5,26,pom,7
355,191,2024-04-23 02:08:00,9,19,minicarnation,6
356,514,2024-03-03 10:01:00,6,9,tulip,5
357,5,2024-03-12 12:29:00,7,13,hydrangea,10
358,409,2024-03-25 14:01:00,12,19,gypsophilia,3
359,416,2024-04-22 07:51:00,12,20,gypsophilia,3
360,168,2024-03-04 22:46:00,12,8,gypsophilia,3
361,95,2024-03-29 02:54:00,9,29,minicarnation,6
362,356,2024-03-12 22:02:00,11,9,spray rose,5
363,518,2024-03-21 01:49:00,12,5,gypsophilia,3
364,282,2024-02-27 23:00:00,5,11,pom,7
365,280,2024-03-14 10:47:00,9,21,minicarnation,6
366,513,2024-04-29 21:35:00,12,15,gypsophilia,3
367,444,2024-04-12 02:56:00,2,10,bouquet_rose_red,10
368,409,2024-02-18 08:28:00,8,14,carnation,8
369,158,2024-03-19 06:26:00,0,13,alstromelia,5
370,190,2024-02-29 17:59:00,11,27,spray rose,5
371,112,2024-02-25 00:42:00,1,18,bouquet_rose_white,10
372,51,2024-02-18 16:21:00,4,6,bouquet_rose_orange,10
373,287,2024-02-25 21:20:00,0,15,alstromelia,5
374,112,2024-04-06 21:46:00,7,26,hydrangea,10
375,219,2024-04-15 07:31:00,11,5,spray rose,5
376,537,2024-03-19 05:00:00,7,9,hydrangea,10
377,21,2024-03-22 08:22:00,10,26,spiders,9
378,12,2024-03-31 09:16:00,4,4,bouquet_rose_orange,10
379,24,2024-02-26 22:02:00,9,27,minicarnation,6
380,20,2024-03-11 10:31:00,12,4,gypsophilia,3
381,261,2024-04-13 15:06:00,11,21,spray rose,5
382,151,2024-04-27 14:12:00,7,12,hydrangea,10
383,291,2024-03-27 00:10:00,6,5,tulip,5
384,105,2024-04-05 09:04:00,8,2,carnation,8
385,101,2024-04-21 08:06:00,11,23,spray rose,5
386,185,2024-03-19 23:38:00,2,28,bouquet_rose_red,10
387,229,2024-04-02 23:22:00,12,28,gypsophilia,3
388,255,2024-04-20 02:00:00,8,9,carnation,8
389,15,2024-02-27 12:34:00,11,16,spray rose,5
390,138,2024-03-20 08:16:00,0,27,alstromelia,5
391,238,2024-02-16 22:37:00,9,13,minicarnation,6
392,300,2024-03-06 04:07:00,1,19,bouquet_rose_white,10
393,25,2024-04-30 02:37:00,6,16,tulip,5
394,68,2024-04-08 12:00:00,6,18,tulip,5
395,44,2024-02-19 03:26:00,6,3,tulip,5
396,167,2024-04-20 08:56:00,0,4,alstromelia,5
397,517,2024-04-16 06:22:00,10,26,spiders,9
398,355,2024-03-22 12:57:00,4,24,bouquet_rose_orange,10
399,65,2024-04-09 13:49:00,3,27,bouquet_rose_yellow,10
400,169,2024-02-25 11:56:00,8,3,carnation,8
401,496,2024-04-27 00:51:00,7,21,hydrangea,10
402,142,2024-02-29 21:48:00,12,1,gypsophilia,3
403,191,2024-03-15 10:50:00,3,3,bouquet_rose_yellow,10
404,58,2024-03-29 06:50:00,11,6,spray rose,5
405,289,2024-03-09 19:14:00,2,16,bouquet_rose_red,10
406,188,2024-03-05 04:50:00,2,13,bouquet_rose_red,10
407,78,2024-03-05 08:24:00,0,27,alstromelia,5
408,248,2024-02-15 18:51:00,4,25,bouquet_rose_orange,10
409,238,2024-04-29 17:26:00,7,4,hydrangea,10
410,169,2024-03-10 13:14:00,7,2,hydrangea,10
411,102,2024-02-20 23:55:00,9,12,minicarnation,6
412,108,2024-04-17 11:38:00,3,4,bouquet_rose_yellow,10
413,423,2024-03-02 20:21:00,9,10,minicarnation,6
414,415,2024-02-22 10:33:00,11,26,spray rose,5
415,398,2024-04-26 16:30:00,6,29,tulip,5
416,122,2024-03-11 19:58:00,2,13,bouquet_rose_red,10
417,327,2024-02-21 10:39:00,5,21,pom,7
418,153,2024-04-22 15:04:00,12,23,gypsophilia,3
419,204,2024-02-28 09:05:00,0,13,alstromelia,5
420,16,2024-04-15 05:55:00,1,11,bouquet_rose_white,10
421,489,2024-03-19 13:49:00,1,19,bouquet_rose_white,10
422,225,2024-02-16 03:22:00,1,16,bouquet_rose_white,10
423,526,2024-02-26 14:03:00,10,2,spiders,9
424,107,2024-03-04 13:32:00,6,6,tulip,5
425,229,2024-03-31 18:32:00,1,10,bouquet_rose_white,10
426,160,2024-03-26 20:26:00,7,24,hydrangea,10
427,168,2024-02-24 05:18:00,6,3,tulip,5
428,46,2024-03-12 01:07:00,7,6,hydrangea,10
429,501,2024-04-26 21:22:00,7,8,hydrangea,10
430,438,2024-04-11 07:49:00,0,17,alstromelia,5
431,112,2024-03-07 22:11:00,9,10,minicarnation,6
432,300,2024-04-13 10:55:00,4,15,bouquet_rose_orange,10
433,241,2024-02-25 17:20:00,1,15,bouquet_rose_white,10
434,405,2024-04-03 17:55:00,3,24,bouquet_rose_yellow,10
435,340,2024-03-24 21:56:00,2,15,bouquet_rose_red,10
436,71,2024-04-29 08:52:00,11,5,spray rose,5
437,358,2024-04-09 12:04:00,7,14,hydrangea,10
438,49,2024-04-11 20:28:00,10,3,spiders,9
439,60,2024-04-20 05:52:00,6,26,tulip,5
440,161,2024-02-20 09:47:00,1,7,bouquet_rose_white,10
441,538,2024-04-17 02:18:00,9,19,minicarnation,6
442,427,2024-04-28 00:40:00,12,19,gypsophilia,3
443,427,2024-04-08 22:24:00,5,12,pom,7
444,188,2024-03-09 17:52:00,9,2,minicarnation,6
445,512,2024-03-22 12:20:00,4,4,bouquet_rose_orange,10
446,289,2024-04-19 14:00:00,5,29,pom,7
447,539,2024-04-05 13:02:00,11,9,spray rose,5
448,538,2024-03-15 13:34:00,1,8,bouquet_rose_white,10
449,350,2024-03-29 20:43:00,0,12,alstromelia,5
450,179,2024-03-16 00:38:00,0,28,alstromelia,5
451,482,2024-02-16 16:52:00,7,6,hydrangea,10
452,507,2024-04-12 06:26:00,6,10,tulip,5
453,415,2024-04-13 07:57:00,6,28,tulip,5
454,280,2024-04-03 15:42:00,7,29,hydrangea,10
455,473,2024-03-23 06:43:00,9,15,minicarnation,6
456,39,2024-04-05 13:17:00,7,4,hydrangea,10
457,369,2024-02-17 05:08:00,6,21,tulip,5
458,496,2024-04-05 04:57:00,6,1,tulip,5
459,41,2024-02-22 07:19:00,3,6,bouquet_rose_yellow,10
460,405,2024-03-11 11:01:00,8,23,carnation,8
461,128,2024-04-20 21:23:00,11,13,spray rose,5
462,467,2024-03-08 18:31:00,0,23,alstromelia,5
463,466,2024-04-19 09:29:00,3,1,bouquet_rose_yellow,10
464,171,2024-03-03 14:10:00,9,1,minicarnation,6
465,464,2024-03-29 11:50:00,8,8,carnation,8
466,444,2024-04-23 11:26:00,6,13,tulip,5
467,531,2024-02-18 11:45:00,9,26,minicarnation,6
468,527,2024-03-31 06:30:00,10,27,spiders,9
469,20,2024-04-30 01:08:00,10,4,spiders,9
470,281,2024-04-07 04:49:00,3,17,bouquet_rose_yellow,10
471,268,2024-04-20 04:26:00,3,13,bouquet_rose_yellow,10
472,300,2024-04-03 11:28:00,5,7,pom,7
473,268,2024-04-04 02:32:00,2,29,bouquet_rose_red,10
474,58,2024-03-14 14:09:00,6,23,tulip,5
475,436,2024-03-25 16:43:00,8,2,carnation,8
476,250,2024-03-02 08:49:00,10,11,spiders,9
477,403,2024-02-22 07:35:00,7,15,hydrangea,10
478,161,2024-03-01 12:30:00,5,11,pom,7
479,270,2024-03-05 17:36:00,11,10,spray rose,5
480,317,2024-04-25 17:54:00,0,28,alstromelia,5
481,508,2024-02-28 17:34:00,4,13,bouquet_rose_orange,10
482,5,2024-02-29 14:28:00,12,27,gypsophilia,3
483,438,2024-03-12 00:51:00,4,14,bouquet_rose_orange,10
484,59,2024-04-14 04:29:00,4,21,bouquet_rose_orange,10
485,491,2024-04-24 05:51:00,0,8,alstromelia,5
486,186,2024-04-07 19:02:00,10,26,spiders,9
487,52,2024-03-04 11:59:00,8,27,carnation,8
488,27,2024-04-16 08:01:00,12,4,gypsophilia,3
489,531,2024-04-25 06:04:00,9,24,minicarnation,6
490,133,2024-04-03 21:37:00,10,4,spiders,9
491,65,2024-03-13 16:19:00,11,8,spray rose,5
492,476,2024-04-21 23:07:00,2,16,bouquet_rose_red,10
493,134,2024-04-23 14:48:00,11,19,spray rose,5
494,514,2024-02-20 04:36:00,4,3,bouquet_rose_orange,10
495,35,2024-04-19 14:42:00,4,3,bouquet_rose_orange,10
496,196,2024-03-11 00:53:00,11,26,spray rose,5
497,97,2024-03-12 07:38:00,5,8,pom,7
498,5,2024-03-03 05:40:00,4,11,bouquet_rose_orange,10
499,514,2024-04-11 05:16:00,5,4,pom,7
500,38,2024-04-26 13:59:00,9,6,minicarnation,6
501,539,2024-02-28 22:50:00,1,3,bouquet_rose_white,10
502,63,2024-03-22 10:57:00,8,28,carnation,8
503,343,2024-04-21 08:39:00,1,11,bouquet_rose_white,10
504,97,2024-04-28 18:47:00,8,19,carnation,8
505,9,2024-03-17 07:22:00,12,3,gypsophilia,3
506,164,2024-03-04 18:35:00,10,29,spiders,9
507,453,2024-02-22 08:04:00,1,29,bouquet_rose_white,10
508,214,2024-03-30 09:33:00,2,14,bouquet_rose_red,10
509,319,2024-03-04 14:02:00,7,29,hydrangea,10
510,88,2024-04-28 04:58:00,7,27,hydrangea,10
511,214,2024-02-15 21:56:00,6,13,tulip,5
512,520,2024-04-19 20:00:00,7,27,hydrangea,10
513,68,2024-04-21 12:48:00,0,5,alstromelia,5
514,385,2024-04-17 16:25:00,0,16,alstromelia,5
515,33,2024-03-27 16:28:00,9,5,minicarnation,6
516,272,2024-04-03 08:58:00,11,13,spray rose,5
517,162,2024-03-13 21:51:00,12,9,gypsophilia,3
518,152,2024-04-10 01:16:00,1,2,bouquet_rose_white,10
519,227,2024-02-24 07:23:00,10,8,spiders,9
520,227,2024-02-29 23:25:00,10,21,spiders,9
521,247,2024-04-11 11:05:00,9,8,minicarnation,6
522,130,2024-04-16 22:43:00,0,17,alstromelia,5
523,164,2024-03-26 21:24:00,11,13,spray rose,5
524,127,2024-04-26 05:15:00,7,19,hydrangea,10
525,50,2024-02-15 21:18:00,7,20,hydrangea,10
526,462,2024-03-31 10:19:00,2,3,bouquet_rose_red,10
527,274,2024-02-22 21:18:00,1,29,bouquet_rose_white,10
528,95,2024-04-01 09:08:00,3,29,bouquet_rose_yellow,10
529,3,2024-04-17 17:43:00,3,7,bouquet_rose_yellow,10
530,194,2024-04-24 01:49:00,12,2,gypsophilia,3
531,452,2024-03-13 12:02:00,4,1,bouquet_rose_orange,10
532,521,2024-04-16 22:55:00,0,23,alstromelia,5
533,469,2024-02-20 04:17:00,0,3,alstromelia,5
534,458,2024-04-26 20:34:00,7,8,hydrangea,10
535,415,2024-02-20 23:41:00,3,9,bouquet_rose_yellow,10
536,432,2024-03-16 16:21:00,11,21,spray rose,5
537,93,2024-02-16 14:53:00,0,28,alstromelia,5
538,54,2024-04-27 16:00:00,6,6,tulip,5
539,81,2024-03-20 09:40:00,3,5,bouquet_rose_yellow,10
540,281,2024-02-19 09:50:00,2,20,bouquet_rose_red,10
541,267,2024-03-23 14:03:00,10,4,spiders,9
542,24,2024-03-24 15:04:00,10,24,spiders,9
543,442,2024-04-28 19:34:00,10,11,spiders,9
544,316,2024-04-10 12:29:00,8,25,carnation,8
545,473,2024-04-16 16:58:00,5,7,pom,7
546,41,2024-02-24 23:24:00,1,24,bouquet_rose_white,10
547,481,2024-03-04 05:38:00,4,9,bouquet_rose_orange,10
548,492,2024-04-04 08:19:00,10,8,spiders,9
549,115,2024-02-19 02:19:00,2,16,bouquet_rose_red,10
550,55,2024-03-04 16:30:00,3,11,bouquet_rose_yellow,10
551,43,2024-02-25 12:23:00,0,19,alstromelia,5
552,527,2024-03-10 04:35:00,2,26,bouquet_rose_red,10
553,143,2024-03-16 01:11:00,5,23,pom,7
554,428,2024-03-08 23:34:00,8,24,carnation,8
555,99,2024-03-01 16:53:00,2,29,bouquet_rose_red,10
556,265,2024-02-25 04:44:00,10,26,spiders,9
557,273,2024-04-26 20:50:00,0,26,alstromelia,5
558,223,2024-03-26 06:11:00,10,12,spiders,9
559,391,2024-04-01 04:06:00,4,7,bouquet_rose_orange,10
560,174,2024-04-16 20:05:00,8,11,carnation,8
561,501,2024-04-04 20:18:00,0,17,alstromelia,5
562,537,2024-03-28 13:11:00,7,12,hydrangea,10
563,374,2024-03-13 15:10:00,8,6,carnation,8
564,8,2024-02-21 05:02:00,11,28,spray rose,5
565,477,2024-03-28 12:06:00,5,17,pom,7
566,288,2024-03-08 10:12:00,11,3,spray rose,5
567,1,2024-04-10 02:10:00,12,12,gypsophilia,3
568,279,2024-04-18 03:16:00,9,16,minicarnation,6
569,17,2024-03-18 00:29:00,4,9,bouquet_rose_orange,10
570,393,2024-02-26 12:23:00,10,13,spiders,9
571,406,2024-04-26 02:25:00,6,24,tulip,5
572,495,2024-02-22 16:48:00,6,14,tulip,5
573,338,2024-02-17 03:37:00,1,19,bouquet_rose_white,10
574,537,2024-02-23 07:08:00,1,18,bouquet_rose_white,10
575,205,2024-03-19 17:12:00,4,4,bouquet_rose_orange,10
576,101,2024-04-23 16:21:00,9,3,minicarnation,6
577,223,2024-02-23 08:10:00,6,3,tulip,5
578,385,2024-04-08 20:34:00,3,25,bouquet_rose_yellow,10
579,109,2024-02-19 04:03:00,0,4,alstromelia,5
580,99,2024-02-19 01:41:00,9,2,minicarnation,6
581,334,2024-02-21 06:19:00,10,1,spiders,9
582,294,2024-04-18 04:00:00,6,15,tulip,5
583,480,2024-04-02 11:24:00,6,26,tulip,5
584,371,2024-03-16 20:13:00,12,23,gypsophilia,3
585,224,2024-03-16 21:28:00,9,1,minicarnation,6
586,283,2024-03-15 21:43:00,3,15,bouquet_rose_yellow,10
587,269,2024-03-04 21:51:00,6,23,tulip,5
588,115,2024-03-04 09:53:00,9,26,minicarnation,6
589,17,2024-03-12 00:57:00,4,28,bouquet_rose_orange,10
590,70,2024-04-15 22:01:00,12,14,gypsophilia,3
591,87,2024-02-27 19:28:00,8,12,carnation,8
592,190,2024-02-28 09:40:00,6,25,tulip,5
593,18,2024-04-09 02:01:00,7,2,hydrangea,10
594,243,2024-03-18 13:46:00,3,26,bouquet_rose_yellow,10
595,452,2024-03-22 05:16:00,8,26,carnation,8
596,2,2024-03-10 02:28:00,3,22,bouquet_rose_yellow,10
597,539,2024-03-30 06:22:00,3,22,bouquet_rose_yellow,10
598,224,2024-03-03 19:03:00,4,28,bouquet_rose_orange,10
599,253,2024-03-31 09:51:00,12,25,gypsophilia,3
600,502,2024-04-25 16:49:00,11,2,spray rose,5
601,53,2024-04-28 12:52:00,12,12,gypsophilia,3
602,55,2024-02-28 22:52:00,11,22,spray rose,5
603,357,2024-03-08 20:21:00,0,22,alstromelia,5
604,358,2024-03-27 13:47:00,5,10,pom,7
605,438,2024-03-10 04:05:00,5,12,pom,7
606,105,2024-04-22 04:34:00,5,18,pom,7
607,18,2024-02-28 12:02:00,1,7,bouquet_rose_white,10
608,405,2024-03-25 04:15:00,4,20,bouquet_rose_orange,10
609,334,2024-03-15 01:05:00,5,4,pom,7
610,442,2024-02-24 17:38:00,4,8,bouquet_rose_orange,10
611,232,2024-04-18 21:11:00,3,9,bouquet_rose_yellow,10
612,373,2024-03-02 15:49:00,0,10,alstromelia,5
613,395,2024-03-04 15:53:00,6,3,tulip,5
614,496,2024-03-26 15:25:00,9,28,minicarnation,6
615,62,2024-04-05 00:44:00,2,9,bouquet_rose_red,10
616,259,2024-03-29 11:21:00,7,18,hydrangea,10
617,122,2024-04-29 06:07:00,6,8,tulip,5
618,431,2024-04-28 09:22:00,11,1,spray rose,5
619,25,2024-03-05 08:18:00,12,15,gypsophilia,3
620,355,2024-03-20 15:21:00,11,20,spray rose,5
621,445,2024-04-02 12:45:00,9,1,minicarnation,6
622,523,2024-04-16 21:41:00,3,16,bouquet_rose_yellow,10
623,183,2024-02-28 09:08:00,7,20,hydrangea,10
624,242,2024-02-22 19:28:00,8,6,carnation,8
625,307,2024-04-11 21:18:00,5,8,pom,7
626,460,2024-03-06 18:51:00,0,1,alstromelia,5
627,457,2024-03-25 00:41:00,3,3,bouquet_rose_yellow,10
628,221,2024-03-31 22:59:00,5,25,pom,7
629,151,2024-04-02 02:32:00,8,14,carnation,8
630,224,2024-03-11 19:23:00,6,3,tulip,5
631,523,2024-03-31 20:48:00,4,28,bouquet_rose_orange,10
632,12,2024-04-08 21:17:00,0,28,alstromelia,5
633,280,2024-04-26 12:31:00,1,24,bouquet_rose_white,10
634,175,2024-03-01 09:57:00,1,9,bouquet_rose_white,10
635,302,2024-04-15 16:17:00,6,9,tulip,5
636,50,2024-02-21 22:30:00,8,12,carnation,8
637,108,2024-04-03 08:52:00,9,12,minicarnation,6
638,81,2024-03-05 04:45:00,3,20,bouquet_rose_yellow,10
639,88,2024-03-27 04:31:00,6,13,tulip,5
640,89,2024-03-08 16:50:00,11,6,spray rose,5
641,535,2024-03-03 21:01:00,6,15,tulip,5
642,508,2024-02-26 05:03:00,12,3,gypsophilia,3
643,256,2024-03-16 14:55:00,9,19,minicarnation,6
644,434,2024-02-29 02:49:00,8,19,carnation,8
645,189,2024-03-27 23:39:00,6,10,tulip,5
646,529,2024-03-24 14:47:00,4,7,bouquet_rose_orange,10
647,119,2024-04-13 05:09:00,5,1,pom,7
648,250,2024-03-30 19:01:00,7,18,hydrangea,10
649,160,2024-04-04 08:05:00,3,20,bouquet_rose_yellow,10
650,261,2024-02-27 14:21:00,1,1,bouquet_rose_white,10
651,500,2024-03-09 02:27:00,3,13,bouquet_rose_yellow,10
652,399,2024-04-28 18:52:00,9,2,minicarnation,6
653,222,2024-04-07 13:36:00,12,27,gypsophilia,3
654,505,2024-04-16 07:58:00,12,25,gypsophilia,3
655,497,2024-03-06 11:54:00,2,26,bouquet_rose_red,10
656,26,2024-04-17 17:05:00,2,11,bouquet_rose_red,10
657,18,2024-04-02 22:11:00,2,1,bouquet_rose_red,10
658,496,2024-04-19 18:48:00,8,16,carnation,8
659,107,2024-03-22 02:57:00,0,18,alstromelia,5
660,451,2024-04-01 03:18:00,7,21,hydrangea,10
661,253,2024-04-22 12:50:00,0,15,alstromelia,5
662,422,2024-03-27 22:30:00,12,15,gypsophilia,3
663,380,2024-04-14 14:13:00,7,19,hydrangea,10
664,3,2024-03-14 02:53:00,4,14,bouquet_rose_orange,10
665,119,2024-03-07 23:07:00,6,29,tulip,5
666,486,2024-04-09 16:23:00,8,1,carnation,8
667,43,2024-04-05 17:31:00,0,20,alstromelia,5
668,256,2024-02-21 16:02:00,7,2,hydrangea,10
669,512,2024-03-11 14:07:00,1,24,bouquet_rose_white,10
670,420,2024-03-24 14:53:00,7,5,hydrangea,10
671,525,2024-03-21 03:50:00,12,16,gypsophilia,3
672,227,2024-03-09 08:37:00,5,11,pom,7
673,366,2024-02-19 01:41:00,4,5,bouquet_rose_orange,10
674,177,2024-04-12 23:22:00,0,8,alstromelia,5
675,368,2024-02-19 02:20:00,11,18,spray rose,5
676,485,2024-03-17 11:11:00,5,18,pom,7
677,248,2024-02-20 08:17:00,4,25,bouquet_rose_orange,10
678,130,2024-04-27 22:03:00,1,6,bouquet_rose_white,10
679,161,2024-03-08 16:34:00,5,28,pom,7
680,454,2024-04-29 08:06:00,1,20,bouquet_rose_white,10
681,226,2024-03-05 01:17:00,7,23,hydrangea,10
682,62,2024-04-10 04:19:00,4,15,bouquet_rose_orange,10
683,293,2024-02-15 17:35:00,1,24,bouquet_rose_white,10
684,373,2024-04-11 12:37:00,5,9,pom,7
685,428,2024-02-20 04:44:00,10,22,spiders,9
686,380,2024-03-13 01:11:00,2,21,bouquet_rose_red,10
687,253,2024-03-23 02:09:00,10,11,spiders,9
688,203,2024-03-08 20:47:00,2,5,bouquet_rose_red,10
689,216,2024-03-18 05:29:00,8,2,carnation,8
690,413,2024-03-15 11:40:00,11,2,spray rose,5
691,341,2024-03-07 03:07:00,1,2,bouquet_rose_white,10
692,462,2024-04-05 12:03:00,10,1,spiders,9
693,339,2024-03-24 13:48:00,0,12,alstromelia,5
694,279,2024-04-25 07:05:00,2,6,bouquet_rose_red,10
695,540,2024-04-28 17:58:00,4,22,bouquet_rose_orange,10
696,68,2024-04-15 06:10:00,6,1,tulip,5
697,375,2024-03-29 23:40:00,7,23,hydrangea,10
698,397,2024-04-21 18:23:00,4,22,bouquet_rose_orange,10
699,456,2024-04-23 16:33:00,7,20,hydrangea,10
700,157,2024-02-18 04:10:00,5,26,pom,7
701,86,2024-04-13 01:45:00,11,14,spray rose,5
702,172,2024-03-13 16:49:00,10,24,spiders,9
703,355,2024-03-31 05:15:00,2,18,bouquet_rose_red,10
704,215,2024-04-05 09:30:00,7,8,hydrangea,10
705,394,2024-04-21 12:16:00,12,14,gypsophilia,3
706,265,2024-03-06 07:26:00,12,15,gypsophilia,3
707,302,2024-03-26 15:52:00,6,19,tulip,5
708,314,2024-02-29 11:35:00,9,21,minicarnation,6
709,509,2024-03-29 18:06:00,5,25,pom,7
710,494,2024-03-20 12:55:00,8,10,carnation,8
711,28,2024-04-26 12:26:00,12,18,gypsophilia,3
712,534,2024-04-19 22:31:00,5,11,pom,7
713,242,2024-04-05 14:05:00,0,12,alstromelia,5
714,389,2024-04-28 02:40:00,9,5,minicarnation,6
715,418,2024-04-15 01:15:00,10,25,spiders,9
716,82,2024-02-20 18:20:00,4,10,bouquet_rose_orange,10
717,150,2024-04-04 19:25:00,1,13,bouquet_rose_white,10
718,383,2024-04-01 01:39:00,0,7,alstromelia,5
719,165,2024-04-16 22:11:00,7,14,hydrangea,10
720,119,2024-02-25 16:09:00,9,28,minicarnation,6
721,53,2024-04-05 20:45:00,7,7,hydrangea,10
722,471,2024-03-14 13:06:00,11,10,spray rose,5
723,428,2024-02-23 05:34:00,2,27,bouquet_rose_red,10
724,217,2024-03-11 12:11:00,0,10,alstromelia,5
725,332,2024-02-22 01:43:00,8,23,carnation,8
726,102,2024-04-07 10:44:00,5,3,pom,7
727,122,2024-04-17 14:06:00,1,20,bouquet_rose_white,10
728,51,2024-03-06 08:17:00,5,13,pom,7
729,427,2024-04-22 22:13:00,8,8,carnation,8
730,356,2024-04-24 15:03:00,1,16,bouquet_rose_white,10
731,232,2024-03-01 06:12:00,11,21,spray rose,5
732,186,2024-02-21 18:22:00,3,18,bouquet_rose_yellow,10
733,250,2024-03-04 01:59:00,10,17,spiders,9
734,234,2024-02-17 04:17:00,12,21,gypsophilia,3
735,92,2024-02-27 00:52:00,3,7,bouquet_rose_yellow,10
736,212,2024-04-28 15:43:00,5,4,pom,7
737,270,2024-03-03 07:36:00,7,24,hydrangea,10
738,458,2024-04-20 06:52:00,2,28,bouquet_rose_red,10
739,143,2024-03-05 23:11:00,0,18,alstromelia,5
740,335,2024-04-07 14:37:00,3,2,bouquet_rose_yellow,10
741,422,2024-02-20 20:03:00,2,21,bouquet_rose_red,10
742,340,2024-04-18 08:54:00,9,10,minicarnation,6
743,324,2024-04-29 21:00:00,10,12,spiders,9
744,390,2024-02-28 03:39:00,8,19,carnation,8
745,27,2024-02-20 12:06:00,2,1,bouquet_rose_red,10
746,136,2024-02-22 15:36:00,0,2,alstromelia,5
747,485,2024-04-13 14:26:00,11,15,spray rose,5
748,349,2024-02-17 04:40:00,7,3,hydrangea,10
749,515,2024-03-12 00:00:00,5,20,pom,7
750,405,2024-03-11 01:59:00,12,5,gypsophilia,3
751,417,2024-03-08 17:55:00,6,21,tulip,5
752,122,2024-03-06 12:35:00,12,12,gypsophilia,3
753,206,2024-04-25 03:49:00,2,26,bouquet_rose_red,10
754,14,2024-04-21 22:59:00,8,13,carnation,8
755,319,2024-04-06 01:26:00,4,1,bouquet_rose_orange,10
756,157,2024-03-29 02:32:00,6,28,tulip,5
757,23,2024-04-09 21:09:00,10,15,spiders,9
758,232,2024-04-10 00:08:00,10,19,spiders,9
759,289,2024-04-19 09:00:00,8,21,carnation,8
760,165,2024-02-21 21:41:00,3,15,bouquet_rose_yellow,10
761,84,2024-02-25 05:30:00,11,20,spray rose,5
762,199,2024-03-17 03:11:00,0,8,alstromelia,5
763,293,2024-03-22 16:00:00,2,19,bouquet_rose_red,10
764,47,2024-04-25 23:25:00,2,26,bouquet_rose_red,10
765,500,2024-04-12 01:59:00,5,16,pom,7
766,402,2024-03-13 07:52:00,10,15,spiders,9
767,87,2024-03-15 08:11:00,6,11,tulip,5
768,102,2024-02-28 23:11:00,5,26,pom,7
769,72,2024-03-05 05:41:00,8,17,carnation,8
770,259,2024-04-13 23:44:00,7,13,hydrangea,10
771,282,2024-02-23 22:27:00,12,23,gypsophilia,3
772,204,2024-03-18 04:24:00,11,2,spray rose,5
773,425,2024-02-26 23:37:00,7,9,hydrangea,10
774,439,2024-02-28 13:19:00,6,19,tulip,5
775,496,2024-04-26 08:31:00,5,8,pom,7
776,353,2024-03-05 07:31:00,9,21,minicarnation,6
777,416,2024-04-21 22:36:00,10,17,spiders,9
778,154,2024-02-29 11:30:00,8,11,carnation,8
779,411,2024-03-25 11:55:00,4,16,bouquet_rose_orange,10
780,297,2024-04-25 04:54:00,1,25,bouquet_rose_white,10
781,144,2024-03-20 23:42:00,4,23,bouquet_rose_orange,10
782,271,2024-03-28 12:24:00,4,20,bouquet_rose_orange,10
783,293,2024-02-26 16:13:00,5,17,pom,7
784,467,2024-04-08 10:20:00,5,9,pom,7
785,394,2024-04-01 15:24:00,12,17,gypsophilia,3
786,528,2024-04-22 04:48:00,7,8,hydrangea,10
787,123,2024-04-03 16:37:00,12,9,gypsophilia,3
788,9,2024-04-24 05:24:00,5,21,pom,7
789,70,2024-03-31 10:17:00,11,24,spray rose,5
790,89,2024-03-22 14:53:00,1,26,bouquet_rose_white,10
791,447,2024-03-17 15:50:00,12,9,gypsophilia,3
792,193,2024-02-22 10:59:00,5,15,pom,7
793,203,2024-02-20 08:16:00,7,3,hydrangea,10
794,269,2024-04-06 19:40:00,11,6,spray rose,5
795,453,2024-03-13 05:00:00,1,10,bouquet_rose_white,10
796,246,2024-04-01 09:20:00,5,14,pom,7
797,27,2024-03-01 19:38:00,9,7,minicarnation,6
798,391,2024-03-15 03:09:00,6,26,tulip,5
799,323,2024-02-17 15:45:00,10,3,spiders,9
800,422,2024-02-17 18:57:00,8,1,carnation,8
801,378,2024-04-17 06:45:00,7,20,hydrangea,10
802,48,2024-04-24 06:06:00,5,18,pom,7
803,400,2024-03-19 18:00:00,1,9,bouquet_rose_white,10
804,90,2024-04-03 15:00:00,3,8,bouquet_rose_yellow,10
805,398,2024-03-29 11:27:00,7,2,hydrangea,10
806,216,2024-03-18 22:04:00,12,7,gypsophilia,3
807,143,2024-03-31 18:22:00,0,26,alstromelia,5
808,57,2024-03-08 12:29:00,6,24,tulip,5
809,239,2024-03-28 09:37:00,0,25,alstromelia,5
810,506,2024-03-27 15:53:00,11,10,spray rose,5
811,294,2024-04-11 07:32:00,5,28,pom,7
812,169,2024-02-15 16:24:00,0,17,alstromelia,5
813,320,2024-02-24 11:12:00,11,17,spray rose,5
814,155,2024-03-07 09:23:00,9,7,minicarnation,6
815,30,2024-02-15 16:29:00,0,12,alstromelia,5
816,152,2024-03-16 10:12:00,4,5,bouquet_rose_orange,10
817,384,2024-04-02 05:11:00,6,8,tulip,5
818,95,2024-02-16 06:59:00,11,23,spray rose,5
819,69,2024-02-17 16:37:00,10,29,spiders,9
820,453,2024-04-01 23:26:00,7,16,hydrangea,10
821,177,2024-04-24 02:39:00,6,9,tulip,5
822,58,2024-03-11 22:45:00,0,26,alstromelia,5
823,427,2024-02-24 16:54:00,12,6,gypsophilia,3
824,452,2024-02-27 03:44:00,10,12,spiders,9
825,1,2024-03-21 03:59:00,8,24,carnation,8
826,491,2024-04-08 00:26:00,0,22,alstromelia,5
827,315,2024-03-09 11:15:00,1,22,bouquet_rose_white,10
828,338,2024-04-14 19:40:00,6,8,tulip,5
829,535,2024-03-13 22:23:00,11,1,spray rose,5
830,96,2024-03-31 21:08:00,2,2,bouquet_rose_red,10
831,510,2024-02-26 18:21:00,6,10,tulip,5
832,324,2024-02-23 14:56:00,10,5,spiders,9
833,13,2024-02-20 13:49:00,6,20,tulip,5
834,453,2024-03-15 12:00:00,7,11,hydrangea,10
835,143,2024-04-16 01:13:00,5,15,pom,7
836,171,2024-03-07 21:53:00,4,1,bouquet_rose_orange,10
837,176,2024-03-05 12:51:00,10,13,spiders,9
838,220,2024-04-07 20:08:00,6,24,tulip,5
839,416,2024-04-07 11:43:00,9,10,minicarnation,6
840,200,2024-04-15 15:06:00,2,12,bouquet_rose_red,10
841,491,2024-03-28 14:18:00,6,24,tulip,5
842,341,2024-04-25 08:33:00,5,24,pom,7
843,321,2024-04-28 14:24:00,11,14,spray rose,5
844,88,2024-04-17 09:17:00,3,5,bouquet_rose_yellow,10
845,44,2024-03-15 03:25:00,12,14,gypsophilia,3
846,128,2024-04-24 09:13:00,0,7,alstromelia,5
847,427,2024-04-12 21:26:00,0,24,alstromelia,5
848,132,2024-03-24 02:35:00,3,20,bouquet_rose_yellow,10
849,442,2024-03-22 11:39:00,8,28,carnation,8
850,38,2024-04-19 00:56:00,4,13,bouquet_rose_orange,10
851,77,2024-02-23 18:34:00,12,20,gypsophilia,3
852,312,2024-04-19 05:33:00,7,14,hydrangea,10
853,39,2024-04-24 08:21:00,7,21,hydrangea,10
854,83,2024-02-16 15:53:00,4,19,bouquet_rose_orange,10
855,226,2024-02-20 04:16:00,0,21,alstromelia,5
856,141,2024-04-06 11:16:00,8,12,carnation,8
857,68,2024-04-24 01:23:00,3,25,bouquet_rose_yellow,10
858,293,2024-03-08 20:45:00,2,4,bouquet_rose_red,10
859,412,2024-03-21 05:02:00,5,8,pom,7
860,535,2024-04-15 03:52:00,8,5,carnation,8
861,70,2024-04-08 11:08:00,1,11,bouquet_rose_white,10
862,187,2024-04-16 23:38:00,8,24,carnation,8
863,217,2024-04-09 14:34:00,10,23,spiders,9
864,497,2024-04-12 11:15:00,11,3,spray rose,5
865,389,2024-03-02 16:10:00,11,9,spray rose,5
866,467,2024-02-27 00:45:00,3,10,bouquet_rose_yellow,10
867,281,2024-03-20 02:04:00,4,1,bouquet_rose_orange,10
868,86,2024-04-06 20:20:00,11,21,spray rose,5
869,353,2024-03-10 13:27:00,5,16,pom,7
870,103,2024-02-19 19:39:00,9,29,minicarnation,6
871,442,2024-03-22 02:19:00,1,23,bouquet_rose_white,10
872,13,2024-03-27 05:53:00,6,25,tulip,5
873,342,2024-03-09 08:02:00,10,10,spiders,9
874,270,2024-03-07 11:56:00,9,4,minicarnation,6
875,287,2024-04-24 16:38:00,3,14,bouquet_rose_yellow,10
876,85,2024-02-18 16:38:00,2,12,bouquet_rose_red,10
877,271,2024-04-22 18:17:00,2,1,bouquet_rose_red,10
878,22,2024-02-23 04:43:00,8,16,carnation,8
879,222,2024-02-25 09:41:00,7,11,hydrangea,10
880,39,2024-03-25 11:31:00,2,14,bouquet_rose_red,10
881,337,2024-03-01 06:55:00,8,16,carnation,8
882,201,2024-04-29 20:20:00,8,28,carnation,8
883,5,2024-04-14 13:15:00,0,11,alstromelia,5
884,47,2024-04-05 01:35:00,11,1,spray rose,5
885,2,2024-02-17 14:29:00,2,21,bouquet_rose_red,10
886,253,2024-03-27 18:19:00,3,28,bouquet_rose_yellow,10
887,6,2024-03-17 06:30:00,0,16,alstromelia,5
888,288,2024-04-17 18:16:00,12,25,gypsophilia,3
889,478,2024-03-18 16:43:00,3,24,bouquet_rose_yellow,10
890,155,2024-02-29 18:03:00,0,25,alstromelia,5
891,490,2024-04-22 15:48:00,7,27,hydrangea,10
892,192,2024-04-16 05:56:00,0,27,alstromelia,5
893,251,2024-02-15 23:10:00,0,6,alstromelia,5
894,414,2024-04-27 21:31:00,5,14,pom,7
895,439,2024-03-08 05:43:00,12,15,gypsophilia,3
896,289,2024-03-15 04:22:00,2,4,bouquet_rose_red,10
897,472,2024-04-16 00:43:00,3,17,bouquet_rose_yellow,10
898,251,2024-04-02 02:50:00,5,22,pom,7
899,414,2024-04-06 13:44:00,12,7,gypsophilia,3
900,393,2024-04-29 13:22:00,9,13,minicarnation,6
901,75,2024-03-09 14:39:00,7,3,hydrangea,10
902,27,2024-04-06 18:26:00,5,18,pom,7
903,62,2024-04-04 15:25:00,11,6,spray rose,5
904,18,2024-04-27 07:36:00,11,19,spray rose,5
905,353,2024-04-29 08:18:00,4,28,bouquet_rose_orange,10
906,308,2024-04-16 07:13:00,11,11,spray rose,5
907,265,2024-04-19 03:07:00,10,3,spiders,9
908,333,2024-03-31 22:33:00,0,18,alstromelia,5
909,68,2024-04-26 07:22:00,5,17,pom,7
910,238,2024-04-22 02:31:00,5,21,pom,7
911,494,2024-04-08 16:30:00,8,19,carnation,8
912,344,2024-04-06 17:41:00,8,13,carnation,8
913,476,2024-03-15 11:15:00,8,12,carnation,8
914,57,2024-04-14 19:24:00,6,16,tulip,5
915,495,2024-03-18 23:33:00,8,14,carnation,8
916,61,2024-03-09 18:07:00,7,12,hydrangea,10
917,167,2024-02-28 22:25:00,10,23,spiders,9
918,243,2024-03-14 10:39:00,11,12,spray rose,5
919,353,2024-03-01 01:43:00,11,29,spray rose,5
920,77,2024-04-29 18:43:00,2,7,bouquet_rose_red,10
921,206,2024-02-19 08:16:00,1,12,bouquet_rose_white,10
922,307,2024-02-24 22:15:00,7,14,hydrangea,10
923,131,2024-04-10 23:26:00,7,25,hydrangea,10
924,205,2024-03-15 16:21:00,3,11,bouquet_rose_yellow,10
925,35,2024-04-21 20:26:00,10,24,spiders,9
926,540,2024-03-02 11:13:00,8,24,carnation,8
927,206,2024-03-07 23:54:00,12,11,gypsophilia,3
928,321,2024-02-17 17:12:00,8,20,carnation,8
929,244,2024-04-25 19:51:00,10,11,spiders,9
930,416,2024-02-29 19:51:00,0,12,alstromelia,5
931,292,2024-03-19 08:31:00,10,9,spiders,9
932,490,2024-03-10 17:06:00,0,4,alstromelia,5
933,372,2024-02-26 06:41:00,1,19,bouquet_rose_white,10
934,137,2024-03-02 10:49:00,10,27,spiders,9
935,205,2024-03-12 01:48:00,9,15,minicarnation,6
936,223,2024-03-14 00:26:00,10,7,spiders,9
937,267,2024-04-14 06:02:00,0,5,alstromelia,5
938,208,2024-03-09 15:26:00,5,12,pom,7
939,7,2024-03-28 08:16:00,1,13,bouquet_rose_white,10
940,452,2024-03-22 10:18:00,12,14,gypsophilia,3
941,75,2024-02-27 13:12:00,8,17,carnation,8
942,198,2024-03-01 13:24:00,1,15,bouquet_rose_white,10
943,472,2024-03-17 16:17:00,9,20,minicarnation,6
944,158,2024-02-17 20:53:00,12,11,gypsophilia,3
945,170,2024-02-29 05:52:00,8,4,carnation,8
946,169,2024-04-19 16:39:00,8,12,carnation,8
947,477,2024-03-10 00:20:00,5,6,pom,7
948,9,2024-02-16 14:10:00,12,23,gypsophilia,3
949,262,2024-02-26 13:45:00,10,8,spiders,9
950,513,2024-03-08 00:53:00,9,5,minicarnation,6
951,493,2024-03-04 14:20:00,4,7,bouquet_rose_orange,10
952,206,2024-04-29 20:23:00,2,6,bouquet_rose_red,10
953,33,2024-03-24 12:01:00,1,5,bouquet_rose_white,10
954,463,2024-03-30 11:28:00,0,9,alstromelia,5
955,68,2024-04-10 03:35:00,7,25,hydrangea,10
956,334,2024-04-07 11:53:00,6,2,tulip,5
957,532,2024-03-06 01:08:00,1,27,bouquet_rose_white,10
958,502,2024-03-12 06:53:00,7,22,hydrangea,10
959,203,2024-02-21 13:59:00,7,6,hydrangea,10
960,444,2024-04-18 04:50:00,6,17,tulip,5
961,110,2024-02-21 08:13:00,5,8,pom,7
962,38,2024-03-31 23:45:00,1,6,bouquet_rose_white,10
963,55,2024-04-29 01:07:00,6,28,tulip,5
964,393,2024-04-02 05:44:00,9,11,minicarnation,6
965,502,2024-04-01 22:38:00,1,29,bouquet_rose_white,10
966,110,2024-03-02 14:59:00,1,5,bouquet_rose_white,10
967,486,2024-04-03 04:48:00,2,1,bouquet_rose_red,10
968,230,2024-04-23 02:07:00,10,3,spiders,9
969,338,2024-04-25 06:10:00,3,14,bouquet_rose_yellow,10
970,485,2024-02-23 03:52:00,1,25,bouquet_rose_white,10
971,222,2024-02-20 11:54:00,5,26,pom,7
972,487,2024-03-18 02:17:00,7,27,hydrangea,10
973,438,2024-04-14 03:09:00,3,15,bouquet_rose_yellow,10
974,507,2024-04-12 06:03:00,7,12,hydrangea,10
975,81,2024-04-21 13:26:00,11,2,spray rose,5
976,492,2024-04-14 16:04:00,6,5,tulip,5
977,179,2024-03-24 06:23:00,3,22,bouquet_rose_yellow,10
978,90,2024-02-17 23:40:00,5,16,pom,7
979,205,2024-04-23 05:20:00,2,27,bouquet_rose_red,10
980,66,2024-03-25 01:34:00,7,5,hydrangea,10
981,401,2024-04-13 20:54:00,9,9,minicarnation,6
982,538,2024-03-09 01:34:00,12,23,gypsophilia,3
983,506,2024-04-22 13:56:00,4,3,bouquet_rose_orange,10
984,52,2024-02-29 18:18:00,4,28,bouquet_rose_orange,10
985,72,2024-03-23 11:37:00,4,6,bouquet_rose_orange,10
986,455,2024-02-21 16:30:00,8,12,carnation,8
987,304,2024-02-28 17:53:00,7,7,hydrangea,10
988,78,2024-04-22 11:22:00,7,24,hydrangea,10
989,464,2024-03-14 18:46:00,9,20,minicarnation,6
990,232,2024-02-26 06:34:00,5,16,pom,7
991,470,2024-04-11 02:40:00,9,29,minicarnation,6
992,295,2024-04-27 05:55:00,4,25,bouquet_rose_orange,10
993,409,2024-02-25 17:28:00,3,1,bouquet_rose_yellow,10
994,205,2024-04-11 08:59:00,4,12,bouquet_rose_orange,10
995,91,2024-03-10 08:23:00,11,24,spray rose,5
996,321,2024-04-27 04:36:00,8,27,carnation,8
997,54,2024-03-25 06:39:00,8,15,carnation,8
998,397,2024-03-19 01:30:00,7,25,hydrangea,10
999,114,2024-03-03 12:54:00,6,19,tulip,5
1000,375,2024-03-21 19:05:00,5,23,pom,7
1001,445,2024-04-03 18:43:00,8,22,carnation,8
1002,172,2024-04-28 21:15:00,9,15,minicarnation,6
1003,145,2024-03-21 03:23:00,7,29,hydrangea,10
1004,27,2024-02-21 10:35:00,8,11,carnation,8
1005,511,2024-03-14 14:02:00,0,17,alstromelia,5
1006,259,2024-04-20 06:45:00,12,14,gypsophilia,3
1007,348,2024-02-26 17:35:00,6,3,tulip,5
1008,24,2024-04-28 00:50:00,6,28,tulip,5
1009,230,2024-03-15 21:33:00,10,8,spiders,9
1010,524,2024-04-03 16:40:00,8,22,carnation,8
1011,440,2024-03-29 13:23:00,3,5,bouquet_rose_yellow,10
1012,105,2024-04-17 13:56:00,9,7,minicarnation,6
1013,145,2024-02-18 20:36:00,5,3,pom,7
1014,525,2024-03-07 06:54:00,3,9,bouquet_rose_yellow,10
1015,436,2024-03-15 08:47:00,5,24,pom,7
1016,401,2024-03-25 06:07:00,11,25,spray rose,5
1017,83,2024-03-03 23:16:00,0,14,alstromelia,5
1018,271,2024-04-26 13:26:00,7,12,hydrangea,10
1019,432,2024-03-20 01:11:00,6,12,tulip,5
1020,520,2024-03-13 01:48:00,2,20,bouquet_rose_red,10
1021,311,2024-03-12 15:15:00,2,1,bouquet_rose_red,10
1022,461,2024-03-17 02:16:00,9,8,minicarnation,6
1023,3,2024-04-26 07:09:00,5,28,pom,7
1024,146,2024-03-09 09:58:00,10,17,spiders,9
1025,291,2024-04-02 00:23:00,2,6,bouquet_rose_red,10
1026,426,2024-02-25 23:32:00,10,22,spiders,9
1027,394,2024-04-03 16:07:00,9,21,minicarnation,6
1028,8,2024-03-02 08:30:00,7,11,hydrangea,10
1029,249,2024-03-03 21:33:00,1,17,bouquet_rose_white,10
1030,186,2024-02-17 02:54:00,11,9,spray rose,5
1031,406,2024-03-01 06:53:00,11,20,spray rose,5
1032,257,2024-02-18 09:09:00,11,16,spray rose,5
1033,338,2024-02-25 01:25:00,12,7,gypsophilia,3
1034,332,2024-04-03 00:25:00,6,25,tulip,5
1035,133,2024-03-02 18:53:00,1,19,bouquet_rose_white,10
1036,299,2024-04-26 06:24:00,2,22,bouquet_rose_red,10
1037,480,2024-03-25 10:59:00,5,26,pom,7
1038,68,2024-03-14 00:16:00,7,9,hydrangea,10
1039,151,2024-04-28 21:41:00,12,17,gypsophilia,3
1040,227,2024-03-16 15:31:00,8,22,carnation,8
1041,248,2024-03-20 22:23:00,9,18,minicarnation,6
1042,331,2024-04-17 19:32:00,1,13,bouquet_rose_white,10
1043,317,2024-03-09 01:23:00,4,14,bouquet_rose_orange,10
1044,307,2024-02-19 15:46:00,10,26,spiders,9
1045,195,2024-04-01 08:27:00,6,5,tulip,5
1046,198,2024-03-04 14:15:00,2,11,bouquet_rose_red,10
1047,302,2024-04-07 20:27:00,3,6,bouquet_rose_yellow,10
1048,86,2024-03-26 15:17:00,8,3,carnation,8
1049,420,2024-03-26 04:08:00,9,2,minicarnation,6
1050,440,2024-04-05 08:33:00,7,24,hydrangea,10
1051,401,2024-04-28 00:49:00,11,14,spray rose,5
1052,355,2024-03-18 15:51:00,10,5,spiders,9
1053,192,2024-03-16 08:44:00,6,2,tulip,5
1054,437,2024-03-20 18:39:00,0,24,alstromelia,5
1055,368,2024-04-06 15:53:00,5,19,pom,7
1056,440,2024-02-21 05:09:00,10,27,spiders,9
1057,507,2024-04-02 23:28:00,12,29,gypsophilia,3
1058,403,2024-04-12 14:56:00,11,6,spray rose,5
1059,208,2024-03-27 00:37:00,1,16,bouquet_rose_white,10
1060,158,2024-03-16 08:42:00,6,14,tulip,5
1061,491,2024-04-23 15:07:00,1,23,bouquet_rose_white,10
1062,10,2024-03-02 19:02:00,1,22,bouquet_rose_white,10
1063,479,2024-04-01 17:25:00,2,1,bouquet_rose_red,10
1064,69,2024-04-28 19:03:00,12,1,gypsophilia,3
1065,136,2024-04-20 01:49:00,0,21,alstromelia,5
1066,140,2024-02-29 19:04:00,2,1,bouquet_rose_red,10
1067,408,2024-04-17 00:10:00,2,13,bouquet_rose_red,10
1068,517,2024-03-02 20:08:00,4,14,bouquet_rose_orange,10
1069,57,2024-03-10 14:55:00,6,24,tulip,5
1070,502,2024-03-27 07:56:00,1,23,bouquet_rose_white,10
1071,111,2024-04-23 19:33:00,2,21,bouquet_rose_red,10
1072,95,2024-03-14 06:48:00,5,21,pom,7
1073,295,2024-04-24 08:14:00,4,19,bouquet_rose_orange,10
1074,39,2024-03-19 14:15:00,10,17,spiders,9
1075,485,2024-03-29 11:50:00,12,11,gypsophilia,3
1076,13,2024-03-13 01:57:00,3,20,bouquet_rose_yellow,10
1077,161,2024-04-11 12:01:00,7,11,hydrangea,10
1078,474,2024-04-08 09:46:00,0,4,alstromelia,5
1079,424,2024-03-14 15:04:00,9,16,minicarnation,6
1080,447,2024-03-14 09:41:00,2,9,bouquet_rose_red,10
1081,468,2024-02-25 22:55:00,11,27,spray rose,5
1082,359,2024-03-26 03:09:00,12,29,gypsophilia,3
1083,447,2024-03-07 19:22:00,12,6,gypsophilia,3
1084,519,2024-04-08 23:56:00,7,1,hydrangea,10
1085,77,2024-03-22 09:06:00,11,2,spray rose,5
1086,211,2024-04-28 01:21:00,6,16,tulip,5
1087,269,2024-03-02 16:46:00,12,18,gypsophilia,3
1088,412,2024-03-03 08:44:00,5,4,pom,7
1089,179,2024-02-28 02:11:00,4,9,bouquet_rose_orange,10
1090,529,2024-04-13 23:15:00,5,3,pom,7
1091,60,2024-02-19 21:13:00,1,3,bouquet_rose_white,10
1092,34,2024-03-23 09:46:00,6,4,tulip,5
1093,235,2024-04-01 00:07:00,5,14,pom,7
1094,157,2024-03-06 16:03:00,2,29,bouquet_rose_red,10
1095,193,2024-03-30 04:29:00,12,2,gypsophilia,3
1096,522,2024-04-12 05:25:00,8,11,carnation,8
1097,136,2024-04-13 06:38:00,9,20,minicarnation,6
1098,486,2024-03-10 23:01:00,8,4,carnation,8
1099,231,2024-02-24 10:05:00,7,9,hydrangea,10
1100,427,2024-03-09 18:45:00,9,14,minicarnation,6
1101,488,2024-04-06 14:08:00,9,24,minicarnation,6
1102,425,2024-03-08 01:07:00,3,29,bouquet_rose_yellow,10
1103,361,2024-03-11 11:33:00,11,19,spray rose,5
1104,184,2024-02-15 18:23:00,7,25,hydrangea,10
1105,293,2024-04-06 13:10:00,5,15,pom,7
1106,358,2024-03-31 20:02:00,8,12,carnation,8
1107,229,2024-04-18 17:49:00,1,12,bouquet_rose_white,10
1108,190,2024-02-20 14:55:00,3,22,bouquet_rose_yellow,10
1109,73,2024-03-31 20:39:00,3,11,bouquet_rose_yellow,10
1110,506,2024-03-11 12:06:00,0,11,alstromelia,5
1111,124,2024-03-02 19:02:00,0,25,alstromelia,5
1112,104,2024-04-13 10:59:00,11,17,spray rose,5
1113,19,2024-02-27 18:46:00,10,29,spiders,9
1114,303,2024-03-29 02:52:00,6,13,tulip,5
1115,53,2024-02-19 11:43:00,0,21,alstromelia,5
1116,508,2024-04-24 13:13:00,5,11,pom,7
1117,89,2024-04-09 09:14:00,7,24,hydrangea,10
1118,535,2024-03-27 05:45:00,1,28,bouquet_rose_white,10
1119,220,2024-03-27 21:20:00,9,13,minicarnation,6
1120,375,2024-03-13 11:40:00,0,2,alstromelia,5
1121,160,2024-04-17 10:09:00,7,22,hydrangea,10
1122,35,2024-03-02 04:30:00,2,20,bouquet_rose_red,10
1123,60,2024-04-14 08:46:00,2,2,bouquet_rose_red,10
1124,72,2024-03-09 19:38:00,3,24,bouquet_rose_yellow,10
1125,286,2024-04-11 07:47:00,6,8,tulip,5
1126,212,2024-04-20 09:07:00,4,29,bouquet_rose_orange,10
1127,253,2024-03-13 07:27:00,11,19,spray rose,5
1128,50,2024-03-22 18:32:00,5,17,pom,7
1129,400,2024-04-12 17:45:00,7,8,hydrangea,10
1130,503,2024-03-25 17:04:00,5,5,pom,7
1131,404,2024-04-11 16:31:00,0,15,alstromelia,5
1132,488,2024-04-29 16:46:00,12,5,gypsophilia,3
1133,257,2024-04-13 11:50:00,10,23,spiders,9
1134,138,2024-03-03 09:11:00,6,29,tulip,5
1135,350,2024-04-20 20:01:00,7,23,hydrangea,10
1136,328,2024-04-18 13:06:00,7,9,hydrangea,10
1137,536,2024-04-17 05:40:00,1,2,bouquet_rose_white,10
1138,468,2024-02-17 14:24:00,11,29,spray rose,5
1139,139,2024-03-24 03:41:00,12,20,gypsophilia,3
1140,432,2024-04-20 04:23:00,8,7,carnation,8
1141,464,2024-03-26 22:09:00,5,5,pom,7
1142,206,2024-02-28 16:54:00,11,28,spray rose,5
1143,333,2024-04-13 16:59:00,8,3,carnation,8
1144,31,2024-04-21 10:55:00,1,29,bouquet_rose_white,10
1145,292,2024-02-26 17:46:00,7,16,hydrangea,10
1146,25,2024-03-20 13:59:00,0,2,alstromelia,5
1147,385,2024-03-02 19:37:00,6,26,tulip,5
1148,536,2024-03-22 23:11:00,1,6,bouquet_rose_white,10
1149,226,2024-03-23 06:01:00,10,3,spiders,9
1150,366,2024-03-15 07:48:00,10,26,spiders,9
1151,217,2024-03-07 18:04:00,3,3,bouquet_rose_yellow,10
1152,212,2024-04-10 22:14:00,1,7,bouquet_rose_white,10
1153,317,2024-03-26 12:53:00,7,9,hydrangea,10
1154,170,2024-03-04 10:38:00,7,11,hydrangea,10
1155,232,2024-02-28 03:41:00,8,19,carnation,8
1156,10,2024-02-15 19:09:00,5,23,pom,7
1157,411,2024-03-12 09:34:00,6,7,tulip,5
1158,47,2024-03-02 02:06:00,5,15,pom,7
1159,31,2024-04-15 06:50:00,2,27,bouquet_rose_red,10
1160,10,2024-04-25 06:30:00,8,17,carnation,8
1161,85,2024-03-05 14:58:00,6,1,tulip,5
1162,481,2024-03-19 12:01:00,5,27,pom,7
1163,133,2024-02-25 11:14:00,7,11,hydrangea,10
1164,355,2024-02-24 18:49:00,4,22,bouquet_rose_orange,10
1165,506,2024-02-18 17:36:00,8,23,carnation,8
1166,311,2024-03-26 06:11:00,9,22,minicarnation,6
1167,515,2024-03-08 13:22:00,4,5,bouquet_rose_orange,10
1168,444,2024-02-29 18:42:00,6,8,tulip,5
1169,245,2024-03-27 05:34:00,9,7,minicarnation,6
1170,441,2024-02-20 07:15:00,1,23,bouquet_rose_white,10
1171,323,2024-04-11 05:05:00,6,2,tulip,5
1172,260,2024-04-29 19:12:00,2,11,bouquet_rose_red,10
1173,156,2024-04-16 06:17:00,5,26,pom,7
1174,345,2024-03-30 19:41:00,7,9,hydrangea,10
1175,349,2024-02-22 02:59:00,5,12,pom,7
1176,366,2024-03-21 13:59:00,12,10,gypsophilia,3
1177,464,2024-04-22 03:11:00,11,21,spray rose,5
1178,301,2024-04-25 21:09:00,6,14,tulip,5
1179,341,2024-03-12 09:50:00,10,1,spiders,9
1180,61,2024-03-18 04:22:00,8,19,carnation,8
1181,190,2024-04-19 18:21:00,4,16,bouquet_rose_orange,10
1182,206,2024-02-26 18:52:00,8,29,carnation,8
1183,449,2024-04-09 20:38:00,12,17,gypsophilia,3
1184,303,2024-03-16 01:06:00,8,7,carnation,8
1185,116,2024-03-08 19:06:00,4,1,bouquet_rose_orange,10
1186,381,2024-04-11 20:39:00,12,9,gypsophilia,3
1187,337,2024-03-14 01:55:00,4,28,bouquet_rose_orange,10
1188,356,2024-03-31 22:43:00,6,10,tulip,5
1189,239,2024-03-11 18:51:00,4,8,bouquet_rose_orange,10
1190,121,2024-03-20 03:26:00,0,26,alstromelia,5
1191,110,2024-04-05 19:55:00,5,15,pom,7
1192,481,2024-03-30 08:59:00,5,7,pom,7
1193,226,2024-04-04 22:16:00,3,4,bouquet_rose_yellow,10
1194,90,2024-04-09 23:01:00,0,8,alstromelia,5
1195,132,2024-03-22 00:55:00,8,4,carnation,8
1196,440,2024-03-20 14:40:00,0,8,alstromelia,5
1197,400,2024-02-16 08:30:00,2,14,bouquet_rose_red,10
1198,284,2024-03-04 23:18:00,1,2,bouquet_rose_white,10
1199,70,2024-04-02 17:13:00,1,25,bouquet_rose_white,10
1200,248,2024-03-04 05:56:00,1,15,bouquet_rose_white,10
1201,394,2024-02-27 16:24:00,3,22,bouquet_rose_yellow,10
1202,3,2024-04-12 16:20:00,6,6,tulip,5
1203,356,2024-03-19 10:57:00,12,14,gypsophilia,3
1204,373,2024-02-27 03:54:00,0,4,alstromelia,5
1205,252,2024-04-23 13:37:00,9,4,minicarnation,6
1206,399,2024-03-13 00:19:00,9,7,minicarnation,6
1207,267,2024-04-09 00:06:00,10,12,spiders,9
1208,253,2024-02-28 03:39:00,5,10,pom,7
1209,379,2024-04-25 15:32:00,3,12,bouquet_rose_yellow,10
1210,506,2024-03-17 12:54:00,6,3,tulip,5
1211,333,2024-04-09 22:30:00,8,19,carnation,8
1212,447,2024-03-30 13:53:00,1,10,bouquet_rose_white,10
1213,68,2024-02-19 22:03:00,3,3,bouquet_rose_yellow,10
1214,209,2024-04-08 09:21:00,1,25,bouquet_rose_white,10
1215,325,2024-04-09 12:02:00,0,11,alstromelia,5
1216,508,2024-02-26 10:20:00,6,7,tulip,5
1217,94,2024-03-16 12:47:00,9,26,minicarnation,6
1218,476,2024-04-04 02:54:00,7,22,hydrangea,10
1219,333,2024-03-14 13:57:00,8,8,carnation,8
1220,134,2024-03-09 19:47:00,6,4,tulip,5
1221,277,2024-04-10 09:01:00,7,27,hydrangea,10
1222,389,2024-03-05 13:10:00,3,16,bouquet_rose_yellow,10
1223,382,2024-04-27 07:25:00,7,14,hydrangea,10
1224,231,2024-04-29 12:12:00,7,22,hydrangea,10
1225,221,2024-03-02 21:34:00,0,23,alstromelia,5
1226,358,2024-04-14 13:28:00,12,5,gypsophilia,3
1227,15,2024-03-16 01:19:00,0,5,alstromelia,5
1228,483,2024-03-29 11:46:00,9,11,minicarnation,6
1229,403,2024-03-15 03:41:00,9,7,minicarnation,6
1230,448,2024-02-29 19:28:00,5,25,pom,7
1231,453,2024-02-15 15:10:00,11,22,spray rose,5
1232,501,2024-02-26 17:57:00,11,25,spray rose,5
1233,317,2024-02-27 22:32:00,6,17,tulip,5
1234,528,2024-04-16 06:19:00,2,14,bouquet_rose_red,10
1235,200,2024-03-01 10:52:00,7,16,hydrangea,10
1236,117,2024-04-03 18:31:00,3,13,bouquet_rose_yellow,10
1237,393,2024-04-15 13:29:00,4,1,bouquet_rose_orange,10
1238,393,2024-03-23 12:17:00,4,22,bouquet_rose_orange,10
1239,116,2024-04-15 03:10:00,10,22,spiders,9
1240,36,2024-03-03 02:49:00,7,27,hydrangea,10
1241,103,2024-04-24 17:30:00,11,23,spray rose,5
1242,67,2024-04-25 07:33:00,11,29,spray rose,5
1243,134,2024-04-02 04:33:00,12,18,gypsophilia,3
1244,427,2024-03-04 08:56:00,3,24,bouquet_rose_yellow,10
1245,17,2024-04-07 16:17:00,0,19,alstromelia,5
1246,513,2024-02-19 07:14:00,6,27,tulip,5
1247,54,2024-03-24 14:56:00,4,24,bouquet_rose_orange,10
1248,353,2024-03-14 01:18:00,2,17,bouquet_rose_red,10
1249,536,2024-02-17 02:00:00,2,11,bouquet_rose_red,10
1250,308,2024-04-07 12:15:00,11,21,spray rose,5
1251,178,2024-03-10 00:02:00,2,8,bouquet_rose_red,10
1252,401,2024-03-24 17:19:00,2,20,bouquet_rose_red,10
1253,35,2024-04-17 10:51:00,0,9,alstromelia,5
1254,342,2024-03-03 02:45:00,3,11,bouquet_rose_yellow,10
1255,522,2024-04-05 07:02:00,1,25,bouquet_rose_white,10
1256,96,2024-04-17 14:21:00,9,13,minicarnation,6
1257,372,2024-04-07 11:31:00,11,26,spray rose,5
1258,538,2024-03-26 22:09:00,4,4,bouquet_rose_orange,10
1259,110,2024-02-27 07:53:00,7,17,hydrangea,10
1260,59,2024-04-27 22:32:00,0,12,alstromelia,5
1261,94,2024-03-30 07:01:00,2,15,bouquet_rose_red,10
1262,500,2024-03-02 22:05:00,2,16,bouquet_rose_red,10
1263,100,2024-03-26 00:55:00,12,23,gypsophilia,3
1264,331,2024-03-11 00:43:00,10,3,spiders,9
1265,246,2024-03-09 04:50:00,7,17,hydrangea,10
1266,298,2024-04-06 16:09:00,12,7,gypsophilia,3
1267,142,2024-03-30 04:59:00,1,19,bouquet_rose_white,10
1268,417,2024-04-10 09:46:00,4,19,bouquet_rose_orange,10
1269,244,2024-03-07 05:26:00,12,8,gypsophilia,3
1270,521,2024-04-13 06:22:00,1,17,bouquet_rose_white,10
1271,293,2024-02-25 01:44:00,3,22,bouquet_rose_yellow,10
1272,95,2024-02-19 22:46:00,5,7,pom,7
1273,37,2024-03-19 03:40:00,6,16,tulip,5
1274,172,2024-02-20 01:32:00,4,24,bouquet_rose_orange,10
1275,433,2024-03-16 14:05:00,12,2,gypsophilia,3
1276,200,2024-04-06 12:08:00,3,14,bouquet_rose_yellow,10
1277,489,2024-04-08 06:13:00,0,15,alstromelia,5
1278,308,2024-02-23 11:33:00,12,20,gypsophilia,3
1279,356,2024-03-08 11:26:00,3,19,bouquet_rose_yellow,10
1280,497,2024-04-29 15:45:00,4,22,bouquet_rose_orange,10
1281,72,2024-03-13 16:40:00,9,24,minicarnation,6
1282,206,2024-03-14 16:05:00,11,3,spray rose,5
1283,85,2024-03-02 15:24:00,10,11,spiders,9
1284,265,2024-02-27 10:58:00,1,18,bouquet_rose_white,10
1285,355,2024-04-28 23:42:00,11,21,spray rose,5
1286,467,2024-03-08 09:17:00,12,24,gypsophilia,3
1287,149,2024-02-22 17:34:00,10,24,spiders,9
1288,138,2024-03-27 22:29:00,12,8,gypsophilia,3
1289,231,2024-02-21 06:35:00,1,27,bouquet_rose_white,10
1290,428,2024-02-29 13:39:00,1,14,bouquet_rose_white,10
1291,29,2024-04-26 00:46:00,5,6,pom,7
1292,378,2024-02-25 18:36:00,12,19,gypsophilia,3
1293,537,2024-04-25 05:02:00,4,22,bouquet_rose_orange,10
1294,46,2024-03-07 01:21:00,5,29,pom,7
1295,107,2024-04-12 19:40:00,0,26,alstromelia,5
1296,334,2024-04-15 08:32:00,10,20,spiders,9
1297,394,2024-03-05 20:44:00,3,21,bouquet_rose_yellow,10
1298,404,2024-03-17 19:10:00,12,20,gypsophilia,3
1299,174,2024-02-16 06:32:00,6,24,tulip,5
1300,96,2024-04-26 20:12:00,2,20,bouquet_rose_red,10
1301,103,2024-02-18 23:51:00,3,9,bouquet_rose_yellow,10
1302,453,2024-02-26 11:00:00,1,27,bouquet_rose_white,10
1303,450,2024-03-03 13:46:00,0,4,alstromelia,5
1304,153,2024-03-18 09:59:00,6,13,tulip,5
1305,72,2024-04-21 15:46:00,9,5,minicarnation,6
1306,84,2024-04-10 02:52:00,12,13,gypsophilia,3
1307,334,2024-02-18 20:03:00,6,25,tulip,5
1308,197,2024-02-25 11:31:00,3,22,bouquet_rose_yellow,10
1309,221,2024-03-01 11:12:00,0,11,alstromelia,5
1310,445,2024-03-03 10:35:00,1,2,bouquet_rose_white,10
1311,89,2024-02-21 22:40:00,4,28,bouquet_rose_orange,10
1312,405,2024-04-24 21:54:00,8,6,carnation,8
1313,231,2024-02-29 12:11:00,1,18,bouquet_rose_white,10
1314,58,2024-04-15 04:15:00,1,18,bouquet_rose_white,10
1315,355,2024-03-19 19:47:00,11,4,spray rose,5
1316,134,2024-04-19 00:41:00,6,24,tulip,5
1317,282,2024-03-18 07:22:00,7,10,hydrangea,10
1318,252,2024-03-04 19:46:00,12,6,gypsophilia,3
1319,107,2024-03-23 16:16:00,8,1,carnation,8
1320,107,2024-03-02 14:20:00,4,21,bouquet_rose_orange,10
1321,257,2024-03-01 05:39:00,1,9,bouquet_rose_white,10
1322,333,2024-03-10 11:51:00,0,25,alstromelia,5
1323,37,2024-04-19 20:51:00,1,9,bouquet_rose_white,10
1324,290,2024-03-17 21:49:00,1,11,bouquet_rose_white,10
1325,489,2024-03-28 23:35:00,1,4,bouquet_rose_white,10
1326,193,2024-02-18 12:10:00,7,27,hydrangea,10
1327,246,2024-02-29 09:39:00,3,4,bouquet_rose_yellow,10
1328,533,2024-03-11 13:00:00,8,25,carnation,8
1329,189,2024-04-18 03:46:00,0,23,alstromelia,5
1330,353,2024-02-25 04:56:00,8,7,carnation,8
1331,516,2024-04-16 21:22:00,7,29,hydrangea,10
1332,287,2024-04-08 18:24:00,3,29,bouquet_rose_yellow,10
1333,45,2024-04-25 10:22:00,8,20,carnation,8
1334,383,2024-04-25 17:35:00,4,17,bouquet_rose_orange,10
1335,31,2024-04-11 00:49:00,6,8,tulip,5
1336,89,2024-04-29 01:59:00,0,15,alstromelia,5
1337,538,2024-03-06 23:36:00,3,24,bouquet_rose_yellow,10
1338,201,2024-02-23 07:58:00,8,26,carnation,8
1339,480,2024-04-04 09:05:00,0,2,alstromelia,5
1340,117,2024-03-20 21:49:00,1,20,bouquet_rose_white,10
1341,266,2024-03-18 17:21:00,8,27,carnation,8
1342,320,2024-04-02 03:42:00,7,22,hydrangea,10
1343,529,2024-04-01 07:08:00,3,7,bouquet_rose_yellow,10
1344,15,2024-03-13 05:52:00,5,5,pom,7
1345,374,2024-04-18 00:59:00,10,5,spiders,9
1346,193,2024-03-09 06:20:00,7,4,hydrangea,10
1347,288,2024-02-29 07:18:00,6,10,tulip,5
1348,312,2024-04-27 10:19:00,7,3,hydrangea,10
1349,496,2024-03-30 20:14:00,2,29,bouquet_rose_red,10
1350,158,2024-02-26 16:26:00,4,4,bouquet_rose_orange,10
1351,45,2024-03-09 00:29:00,8,11,carnation,8
1352,62,2024-02-18 00:03:00,5,23,pom,7
1353,305,2024-04-05 00:25:00,9,4,minicarnation,6
1354,77,2024-03-19 11:16:00,9,11,minicarnation,6
1355,238,2024-03-04 07:09:00,10,8,spiders,9
1356,213,2024-04-12 20:41:00,1,14,bouquet_rose_white,10
1357,47,2024-03-23 17:06:00,9,12,minicarnation,6
1358,234,2024-04-07 19:12:00,0,17,alstromelia,5
1359,340,2024-04-03 07:27:00,6,2,tulip,5
1360,515,2024-03-25 08:42:00,6,18,tulip,5
1361,374,2024-02-22 20:15:00,2,22,bouquet_rose_red,10
1362,177,2024-04-03 20:31:00,2,16,bouquet_rose_red,10
1363,6,2024-02-18 13:46:00,8,6,carnation,8
1364,520,2024-04-06 19:27:00,4,22,bouquet_rose_orange,10
1365,408,2024-02-22 13:25:00,10,5,spiders,9
1366,349,2024-03-28 11:07:00,11,18,spray rose,5
1367,425,2024-03-28 01:27:00,7,10,hydrangea,10
1368,364,2024-02-18 23:04:00,9,28,minicarnation,6
1369,270,2024-04-25 00:11:00,4,26,bouquet_rose_orange,10
1370,506,2024-03-25 15:13:00,6,17,tulip,5
1371,8,2024-03-20 12:39:00,5,9,pom,7
1372,91,2024-02-29 08:27:00,3,21,bouquet_rose_yellow,10
1373,446,2024-03-23 22:35:00,0,13,alstromelia,5
1374,204,2024-02-20 20:41:00,12,17,gypsophilia,3
1375,311,2024-04-21 18:29:00,11,8,spray rose,5
1376,27,2024-03-24 21:11:00,5,20,pom,7
1377,307,2024-04-07 07:50:00,2,4,bouquet_rose_red,10
1378,518,2024-03-07 19:55:00,4,5,bouquet_rose_orange,10
1379,536,2024-03-22 12:05:00,10,29,spiders,9
1380,43,2024-03-04 05:43:00,11,24,spray rose,5
1381,537,2024-04-19 02:13:00,10,26,spiders,9
1382,179,2024-04-08 05:21:00,12,4,gypsophilia,3
1383,422,2024-03-13 05:03:00,12,16,gypsophilia,3
1384,284,2024-04-27 22:08:00,7,6,hydrangea,10
1385,450,2024-04-21 06:08:00,5,16,pom,7
1386,345,2024-03-10 13:27:00,12,18,gypsophilia,3
1387,187,2024-03-08 08:54:00,6,10,tulip,5
1388,238,2024-04-06 14:35:00,7,12,hydrangea,10
1389,243,2024-03-17 21:14:00,3,27,bouquet_rose_yellow,10
1390,453,2024-04-10 04:16:00,3,20,bouquet_rose_yellow,10
1391,536,2024-03-18 23:14:00,9,26,minicarnation,6
1392,497,2024-03-06 15:27:00,6,23,tulip,5
1393,428,2024-03-06 14:57:00,0,25,alstromelia,5
1394,34,2024-03-11 05:13:00,5,7,pom,7
1395,15,2024-04-05 11:55:00,5,20,pom,7
1396,243,2024-04-09 09:27:00,12,4,gypsophilia,3
1397,506,2024-03-19 17:46:00,9,28,minicarnation,6
1398,238,2024-03-04 15:41:00,0,25,alstromelia,5
1399,509,2024-03-30 08:30:00,10,16,spiders,9
1400,209,2024-03-26 08:35:00,7,22,hydrangea,10
1401,540,2024-03-12 13:33:00,12,26,gypsophilia,3
1402,343,2024-04-25 18:43:00,8,24,carnation,8
1403,105,2024-03-09 17:02:00,7,10,hydrangea,10
1404,492,2024-04-27 11:06:00,9,16,minicarnation,6
1405,329,2024-03-18 02:18:00,5,25,pom,7
1406,260,2024-03-10 15:36:00,7,7,hydrangea,10
1407,486,2024-03-04 13:38:00,5,28,pom,7
1408,336,2024-04-22 08:40:00,6,25,tulip,5
1409,172,2024-03-27 02:46:00,0,24,alstromelia,5
1410,326,2024-03-03 11:28:00,11,3,spray rose,5
1411,329,2024-03-19 08:02:00,11,20,spray rose,5
1412,331,2024-02-26 06:52:00,12,24,gypsophilia,3
1413,151,2024-02-23 01:55:00,11,21,spray rose,5
1414,467,2024-04-24 20:07:00,2,28,bouquet_rose_red,10
1415,344,2024-02-25 04:04:00,1,13,bouquet_rose_white,10
1416,104,2024-03-28 10:58:00,0,5,alstromelia,5
1417,480,2024-03-29 18:36:00,1,1,bouquet_rose_white,10
1418,365,2024-04-03 21:32:00,11,12,spray rose,5
1419,105,2024-02-18 21:21:00,4,2,bouquet_rose_orange,10
1420,525,2024-04-12 01:22:00,12,9,gypsophilia,3
1421,31,2024-04-26 09:00:00,10,15,spiders,9
1422,447,2024-03-12 23:43:00,12,4,gypsophilia,3
1423,164,2024-02-27 21:46:00,12,29,gypsophilia,3
1424,237,2024-04-08 09:02:00,8,29,carnation,8
1425,248,2024-03-08 14:57:00,11,19,spray rose,5
1426,49,2024-03-24 10:12:00,12,15,gypsophilia,3
1427,248,2024-03-08 09:32:00,5,1,pom,7
1428,207,2024-03-15 23:36:00,9,19,minicarnation,6
1429,92,2024-04-23 19:59:00,10,22,spiders,9
1430,405,2024-03-13 20:18:00,2,19,bouquet_rose_red,10
1431,68,2024-02-17 04:51:00,5,11,pom,7
1432,368,2024-04-18 00:12:00,1,28,bouquet_rose_white,10
1433,225,2024-02-20 02:07:00,5,7,pom,7
1434,270,2024-03-02 12:18:00,10,23,spiders,9
1435,368,2024-04-15 00:10:00,1,3,bouquet_rose_white,10
1436,143,2024-04-15 15:42:00,8,24,carnation,8
1437,413,2024-03-03 01:42:00,9,10,minicarnation,6
1438,513,2024-02-21 12:14:00,7,2,hydrangea,10
1439,432,2024-04-13 12:17:00,1,3,bouquet_rose_white,10
1440,161,2024-04-27 11:58:00,2,1,bouquet_rose_red,10
1441,475,2024-04-07 17:25:00,4,22,bouquet_rose_orange,10
1442,124,2024-03-16 02:02:00,5,27,pom,7
1443,88,2024-04-07 16:43:00,0,28,alstromelia,5
1444,300,2024-02-17 19:30:00,3,16,bouquet_rose_yellow,10
1445,167,2024-04-13 16:31:00,9,28,minicarnation,6
1446,115,2024-03-14 13:00:00,10,16,spiders,9
1447,309,2024-03-23 05:58:00,1,16,bouquet_rose_white,10
1448,302,2024-04-20 16:19:00,5,10,pom,7
1449,324,2024-04-07 08:35:00,7,6,hydrangea,10
1450,393,2024-02-28 13:32:00,3,3,bouquet_rose_yellow,10
1451,458,2024-03-24 13:13:00,0,16,alstromelia,5
1452,282,2024-03-16 11:04:00,6,29,tulip,5
1453,412,2024-03-26 16:51:00,6,22,tulip,5
1454,516,2024-02-20 22:52:00,0,28,alstromelia,5
1455,174,2024-04-18 02:41:00,7,21,hydrangea,10
1456,61,2024-03-30 15:40:00,0,16,alstromelia,5
1457,345,2024-04-15 02:03:00,1,1,bouquet_rose_white,10
1458,205,2024-04-15 01:25:00,9,8,minicarnation,6
1459,222,2024-04-20 09:24:00,9,19,minicarnation,6
1460,144,2024-04-23 21:44:00,6,28,tulip,5
1461,287,2024-04-19 07:58:00,1,9,bouquet_rose_white,10
1462,145,2024-02-15 23:40:00,4,5,bouquet_rose_orange,10
1463,69,2024-03-30 09:33:00,10,14,spiders,9
1464,494,2024-04-24 12:19:00,4,24,bouquet_rose_orange,10
1465,114,2024-03-27 15:39:00,5,29,pom,7
1466,167,2024-03-16 12:39:00,5,5,pom,7
1467,217,2024-03-04 19:50:00,2,17,bouquet_rose_red,10
1468,110,2024-03-27 00:16:00,12,21,gypsophilia,3
1469,473,2024-03-01 13:48:00,10,19,spiders,9
1470,355,2024-03-10 02:07:00,12,9,gypsophilia,3
1471,456,2024-04-12 16:12:00,5,21,pom,7
1472,106,2024-04-10 01:59:00,9,29,minicarnation,6
1473,142,2024-03-01 05:05:00,10,13,spiders,9
1474,123,2024-02-18 10:27:00,3,13,bouquet_rose_yellow,10
1475,418,2024-03-31 11:43:00,4,14,bouquet_rose_orange,10
1476,331,2024-02-18 14:19:00,3,10,bouquet_rose_yellow,10
1477,14,2024-03-31 05:05:00,5,25,pom,7
1478,113,2024-02-22 11:52:00,1,29,bouquet_rose_white,10
1479,349,2024-04-02 10:41:00,0,19,alstromelia,5
1480,465,2024-04-19 21:04:00,7,15,hydrangea,10
1481,13,2024-03-15 04:47:00,0,25,alstromelia,5
1482,305,2024-03-06 23:36:00,0,25,alstromelia,5
1483,520,2024-03-31 20:04:00,4,12,bouquet_rose_orange,10
1484,476,2024-04-28 14:54:00,10,11,spiders,9
1485,196,2024-03-17 21:04:00,1,1,bouquet_rose_white,10
1486,26,2024-02-16 02:17:00,12,4,gypsophilia,3
1487,322,2024-03-20 15:42:00,1,26,bouquet_rose_white,10
1488,478,2024-03-21 16:07:00,7,3,hydrangea,10
1489,166,2024-03-08 08:27:00,9,25,minicarnation,6
1490,168,2024-03-16 07:06:00,4,8,bouquet_rose_orange,10
1491,481,2024-04-14 13:55:00,1,18,bouquet_rose_white,10
1492,425,2024-04-24 07:03:00,4,7,bouquet_rose_orange,10
1493,39,2024-03-05 13:07:00,3,12,bouquet_rose_yellow,10
1494,165,2024-02-26 14:01:00,12,23,gypsophilia,3
1495,294,2024-03-21 16:30:00,1,20,bouquet_rose_white,10
1496,401,2024-04-15 03:32:00,1,26,bouquet_rose_white,10
1497,66,2024-03-12 02:30:00,7,22,hydrangea,10
1498,204,2024-04-23 12:00:00,10,2,spiders,9
1499,50,2024-04-25 06:19:00,2,9,bouquet_rose_red,10
1500,24,2024-04-10 16:35:00,1,5,bouquet_rose_white,10
1501,112,2024-04-16 03:47:00,10,22,spiders,9
1502,226,2024-02-23 13:46:00,6,26,tulip,5
1503,445,2024-03-29 19:36:00,0,3,alstromelia,5
1504,511,2024-04-02 14:27:00,3,21,bouquet_rose_yellow,10
1505,201,2024-03-28 23:44:00,5,21,pom,7
1506,328,2024-04-07 09:26:00,4,17,bouquet_rose_orange,10
1507,318,2024-02-22 20:58:00,3,20,bouquet_rose_yellow,10
1508,222,2024-04-20 19:42:00,2,9,bouquet_rose_red,10
1509,476,2024-03-22 22:14:00,0,13,alstromelia,5
1510,221,2024-03-15 16:36:00,11,4,spray rose,5
1511,121,2024-02-25 02:05:00,3,25,bouquet_rose_yellow,10
1512,336,2024-03-08 09:22:00,2,16,bouquet_rose_red,10
1513,415,2024-02-17 07:03:00,2,19,bouquet_rose_red,10
1514,245,2024-02-21 11:01:00,6,12,tulip,5
1515,496,2024-04-10 10:13:00,7,11,hydrangea,10
1516,442,2024-04-07 22:42:00,1,11,bouquet_rose_white,10
1517,405,2024-03-26 16:53:00,10,7,spiders,9
1518,80,2024-04-20 09:05:00,8,7,carnation,8
1519,328,2024-03-16 22:35:00,4,17,bouquet_rose_orange,10
1520,18,2024-03-08 23:49:00,3,11,bouquet_rose_yellow,10
1521,454,2024-03-03 00:57:00,11,13,spray rose,5
1522,261,2024-04-03 14:53:00,6,8,tulip,5
1523,317,2024-03-30 17:35:00,3,23,bouquet_rose_yellow,10
1524,276,2024-03-12 02:34:00,0,16,alstromelia,5
1525,396,2024-03-12 21:44:00,0,9,alstromelia,5
1526,42,2024-04-02 21:26:00,12,8,gypsophilia,3
1527,391,2024-03-28 19:28:00,3,9,bouquet_rose_yellow,10
1528,9,2024-03-11 16:09:00,12,24,gypsophilia,3
1529,324,2024-02-23 01:06:00,0,10,alstromelia,5
1530,447,2024-02-22 17:27:00,5,22,pom,7
1531,224,2024-02-28 22:28:00,6,11,tulip,5
1532,3,2024-03-24 06:25:00,8,21,carnation,8
1533,88,2024-04-21 19:24:00,3,16,bouquet_rose_yellow,10
1534,207,2024-03-17 12:07:00,0,17,alstromelia,5
1535,166,2024-04-24 08:55:00,10,12,spiders,9
1536,107,2024-04-02 08:08:00,0,21,alstromelia,5
1537,65,2024-04-26 17:41:00,4,4,bouquet_rose_orange,10
1538,274,2024-03-23 01:43:00,11,15,spray rose,5
1539,9,2024-03-10 06:23:00,2,19,bouquet_rose_red,10
1540,123,2024-04-26 05:40:00,6,13,tulip,5
1541,166,2024-03-14 23:12:00,5,23,pom,7
1542,329,2024-04-11 23:03:00,0,29,alstromelia,5
1543,208,2024-04-16 12:32:00,10,8,spiders,9
1544,477,2024-03-19 13:27:00,12,7,gypsophilia,3
1545,392,2024-03-31 15:14:00,4,6,bouquet_rose_orange,10
1546,239,2024-02-23 07:06:00,6,17,tulip,5
1547,382,2024-04-26 19:42:00,9,10,minicarnation,6
1548,49,2024-03-08 00:13:00,3,23,bouquet_rose_yellow,10
1549,329,2024-02-27 18:34:00,8,23,carnation,8
1550,65,2024-02-22 17:25:00,11,26,spray rose,5
1551,526,2024-04-12 12:29:00,10,25,spiders,9
1552,477,2024-02-16 10:04:00,4,9,bouquet_rose_orange,10
1553,192,2024-02-16 04:45:00,7,19,hydrangea,10
1554,191,2024-03-10 08:24:00,2,26,bouquet_rose_red,10
1555,374,2024-04-20 04:37:00,4,5,bouquet_rose_orange,10
1556,488,2024-02-28 09:56:00,0,24,alstromelia,5
1557,218,2024-03-25 18:48:00,11,25,spray rose,5
1558,20,2024-02-17 12:34:00,0,15,alstromelia,5
1559,297,2024-04-01 17:59:00,8,23,carnation,8
1560,32,2024-03-10 07:21:00,11,19,spray rose,5
1561,260,2024-02-16 06:20:00,3,12,bouquet_rose_yellow,10
1562,59,2024-04-08 18:44:00,0,16,alstromelia,5
1563,395,2024-02-16 23:29:00,3,3,bouquet_rose_yellow,10
1564,64,2024-04-23 07:39:00,2,3,bouquet_rose_red,10
1565,374,2024-02-27 09:03:00,9,18,minicarnation,6
1566,454,2024-03-08 22:00:00,7,24,hydrangea,10
1567,75,2024-02-19 19:01:00,1,6,bouquet_rose_white,10
1568,31,2024-04-13 23:48:00,0,15,alstromelia,5
1569,44,2024-03-11 16:57:00,8,18,carnation,8
1570,165,2024-03-22 21:05:00,6,29,tulip,5
1571,403,2024-03-14 06:46:00,5,7,pom,7
1572,23,2024-03-08 11:18:00,5,3,pom,7
1573,60,2024-02-23 08:35:00,7,26,hydrangea,10
1574,348,2024-03-21 17:52:00,5,20,pom,7
1575,206,2024-03-14 00:34:00,12,24,gypsophilia,3
1576,44,2024-03-04 08:01:00,4,25,bouquet_rose_orange,10
1577,313,2024-03-25 17:43:00,12,13,gypsophilia,3
1578,294,2024-03-18 14:49:00,7,6,hydrangea,10
1579,518,2024-03-22 09:08:00,11,5,spray rose,5
1580,461,2024-03-04 13:52:00,5,2,pom,7
1581,27,2024-04-10 10:06:00,12,21,gypsophilia,3
1582,479,2024-03-15 08:27:00,2,20,bouquet_rose_red,10
1583,208,2024-04-14 04:51:00,3,20,bouquet_rose_yellow,10
1584,148,2024-04-15 00:28:00,10,16,spiders,9
1585,285,2024-04-24 21:17:00,1,22,bouquet_rose_white,10
1586,201,2024-04-23 10:38:00,3,23,bouquet_rose_yellow,10
1587,34,2024-04-12 10:17:00,2,9,bouquet_rose_red,10
1588,189,2024-04-03 23:15:00,12,6,gypsophilia,3
1589,242,2024-03-28 17:18:00,10,16,spiders,9
1590,390,2024-03-13 07:54:00,12,3,gypsophilia,3
1591,472,2024-04-01 21:01:00,1,9,bouquet_rose_white,10
1592,297,2024-03-05 21:34:00,9,8,minicarnation,6
1593,371,2024-03-04 09:01:00,2,16,bouquet_rose_red,10
1594,66,2024-04-28 01:49:00,9,10,minicarnation,6
1595,248,2024-02-29 03:45:00,6,11,tulip,5
1596,37,2024-03-09 16:34:00,5,17,pom,7
1597,309,2024-04-11 01:10:00,12,19,gypsophilia,3
1598,76,2024-03-22 12:54:00,3,8,bouquet_rose_yellow,10
1599,329,2024-03-18 20:14:00,0,24,alstromelia,5
1600,219,2024-03-25 08:53:00,9,12,minicarnation,6
1601,330,2024-03-19 14:21:00,4,7,bouquet_rose_orange,10
1602,504,2024-04-11 03:33:00,7,15,hydrangea,10
1603,278,2024-02-25 01:25:00,9,10,minicarnation,6
1604,515,2024-02-28 17:27:00,3,20,bouquet_rose_yellow,10
1605,474,2024-03-17 02:47:00,10,25,spiders,9
1606,85,2024-02-21 04:51:00,4,15,bouquet_rose_orange,10
1607,116,2024-03-12 07:26:00,11,13,spray rose,5
1608,227,2024-04-06 13:53:00,6,9,tulip,5
1609,213,2024-04-19 07:00:00,11,20,spray rose,5
1610,265,2024-04-01 22:18:00,2,15,bouquet_rose_red,10
1611,211,2024-02-26 21:35:00,7,14,hydrangea,10
1612,82,2024-03-15 03:24:00,10,17,spiders,9
1613,79,2024-04-06 14:02:00,9,10,minicarnation,6
1614,410,2024-03-07 04:09:00,3,19,bouquet_rose_yellow,10
1615,226,2024-02-29 09:29:00,11,24,spray rose,5
1616,271,2024-02-27 02:49:00,9,6,minicarnation,6
1617,199,2024-03-17 14:26:00,4,1,bouquet_rose_orange,10
1618,70,2024-04-13 16:57:00,4,6,bouquet_rose_orange,10
1619,405,2024-03-11 20:43:00,9,4,minicarnation,6
1620,349,2024-03-21 22:38:00,5,5,pom,7
1621,150,2024-03-12 17:26:00,8,10,carnation,8
1622,488,2024-03-02 03:09:00,2,13,bouquet_rose_red,10
1623,19,2024-03-09 10:40:00,4,19,bouquet_rose_orange,10
1624,390,2024-03-24 02:58:00,2,22,bouquet_rose_red,10
1625,320,2024-04-13 14:59:00,11,24,spray rose,5
1626,539,2024-04-12 19:48:00,4,18,bouquet_rose_orange,10
1627,10,2024-03-14 16:41:00,6,19,tulip,5
1628,169,2024-02-19 15:11:00,11,8,spray rose,5
1629,511,2024-02-18 15:15:00,9,20,minicarnation,6
1630,498,2024-02-17 00:28:00,2,4,bouquet_rose_red,10
1631,63,2024-03-08 11:21:00,2,2,bouquet_rose_red,10
1632,455,2024-04-20 16:54:00,7,24,hydrangea,10
1633,82,2024-02-27 12:12:00,6,22,tulip,5
1634,465,2024-02-18 18:38:00,6,20,tulip,5
1635,519,2024-03-03 18:37:00,2,15,bouquet_rose_red,10
1636,425,2024-04-26 05:41:00,6,10,tulip,5
1637,52,2024-04-24 16:07:00,7,11,hydrangea,10
1638,7,2024-02-29 07:40:00,0,5,alstromelia,5
1639,366,2024-04-24 20:20:00,8,2,carnation,8
1640,361,2024-04-20 14:36:00,3,13,bouquet_rose_yellow,10
1641,378,2024-04-01 16:33:00,8,25,carnation,8
1642,320,2024-03-31 14:32:00,6,5,tulip,5
1643,82,2024-03-10 14:38:00,8,17,carnation,8
1644,293,2024-04-05 04:25:00,4,7,bouquet_rose_orange,10
1645,482,2024-03-13 13:44:00,8,27,carnation,8
1646,292,2024-04-22 23:23:00,11,20,spray rose,5
1647,495,2024-03-31 20:41:00,7,24,hydrangea,10
1648,427,2024-04-09 23:08:00,2,3,bouquet_rose_red,10
1649,191,2024-04-17 04:13:00,3,3,bouquet_rose_yellow,10
1650,320,2024-02-15 19:10:00,3,25,bouquet_rose_yellow,10
1651,153,2024-04-16 08:10:00,2,25,bouquet_rose_red,10
1652,60,2024-02-23 15:52:00,11,11,spray rose,5
1653,9,2024-04-21 17:14:00,3,6,bouquet_rose_yellow,10
1654,302,2024-03-18 08:49:00,12,22,gypsophilia,3
1655,332,2024-03-06 01:14:00,11,9,spray rose,5
1656,217,2024-02-29 02:12:00,12,3,gypsophilia,3
1657,334,2024-04-20 03:12:00,10,22,spiders,9
1658,208,2024-03-21 13:26:00,1,8,bouquet_rose_white,10
1659,299,2024-04-06 01:26:00,2,7,bouquet_rose_red,10
1660,276,2024-03-12 15:31:00,9,16,minicarnation,6
1661,417,2024-04-20 19:15:00,0,20,alstromelia,5
1662,110,2024-03-05 00:33:00,3,20,bouquet_rose_yellow,10
1663,166,2024-02-24 14:38:00,8,16,carnation,8
1664,23,2024-04-03 20:53:00,8,28,carnation,8
1665,506,2024-04-27 03:04:00,7,6,hydrangea,10
1666,522,2024-03-18 16:52:00,5,26,pom,7
1667,481,2024-04-23 18:52:00,1,10,bouquet_rose_white,10
1668,117,2024-02-16 10:36:00,2,28,bouquet_rose_red,10
1669,85,2024-03-14 16:29:00,12,16,gypsophilia,3
1670,310,2024-04-27 01:25:00,9,11,minicarnation,6
1671,354,2024-04-08 04:44:00,2,5,bouquet_rose_red,10
1672,335,2024-03-22 09:47:00,8,8,carnation,8
1673,225,2024-04-07 09:21:00,2,21,bouquet_rose_red,10
1674,266,2024-03-18 11:09:00,1,2,bouquet_rose_white,10
1675,24,2024-03-30 15:28:00,9,6,minicarnation,6
1676,158,2024-03-13 12:55:00,1,20,bouquet_rose_white,10
1677,492,2024-04-15 19:13:00,3,14,bouquet_rose_yellow,10
1678,237,2024-02-27 03:37:00,4,18,bouquet_rose_orange,10
1679,306,2024-03-19 03:04:00,4,21,bouquet_rose_orange,10
1680,470,2024-03-22 07:39:00,8,14,carnation,8
1681,347,2024-04-12 09:17:00,10,10,spiders,9
1682,3,2024-03-24 16:10:00,9,8,minicarnation,6
1683,199,2024-03-31 18:03:00,7,10,hydrangea,10
1684,450,2024-03-10 15:51:00,3,9,bouquet_rose_yellow,10
1685,60,2024-03-18 05:53:00,5,26,pom,7
1686,153,2024-04-25 02:09:00,10,19,spiders,9
1687,37,2024-04-01 02:16:00,4,27,bouquet_rose_orange,10
1688,209,2024-04-04 04:50:00,6,27,tulip,5
1689,471,2024-03-26 21:23:00,2,10,bouquet_rose_red,10
1690,421,2024-03-17 14:04:00,2,17,bouquet_rose_red,10
1691,540,2024-03-02 23:41:00,2,22,bouquet_rose_red,10
1692,141,2024-04-06 23:43:00,4,9,bouquet_rose_orange,10
1693,153,2024-03-11 14:53:00,6,9,tulip,5
1694,91,2024-02-25 02:05:00,11,1,spray rose,5
1695,110,2024-03-01 13:57:00,12,9,gypsophilia,3
1696,292,2024-03-17 09:48:00,3,22,bouquet_rose_yellow,10
1697,526,2024-02-19 23:04:00,3,15,bouquet_rose_yellow,10
1698,222,2024-04-12 17:56:00,7,2,hydrangea,10
1699,93,2024-03-31 21:20:00,8,8,carnation,8
1700,8,2024-03-22 02:51:00,0,11,alstromelia,5
1701,177,2024-03-06 14:20:00,10,8,spiders,9
1702,450,2024-04-15 19:04:00,2,11,bouquet_rose_red,10
1703,254,2024-04-20 19:10:00,2,12,bouquet_rose_red,10
1704,458,2024-03-14 19:01:00,2,28,bouquet_rose_red,10
1705,213,2024-02-21 22:09:00,6,9,tulip,5
1706,242,2024-04-07 14:37:00,5,28,pom,7
1707,305,2024-03-25 21:24:00,10,11,spiders,9
1708,33,2024-03-11 08:57:00,3,11,bouquet_rose_yellow,10
1709,278,2024-04-27 19:24:00,12,26,gypsophilia,3
1710,211,2024-03-06 19:49:00,5,13,pom,7
1711,197,2024-02-23 11:16:00,0,27,alstromelia,5
1712,180,2024-02-24 05:37:00,9,21,minicarnation,6
1713,224,2024-04-27 04:54:00,9,24,minicarnation,6
1714,158,2024-03-26 01:30:00,11,5,spray rose,5
1715,28,2024-02-23 14:54:00,9,8,minicarnation,6
1716,522,2024-04-21 03:48:00,3,29,bouquet_rose_yellow,10
1717,366,2024-04-08 14:32:00,10,9,spiders,9
1718,69,2024-02-20 21:49:00,2,17,bouquet_rose_red,10
1719,526,2024-04-04 01:59:00,0,18,alstromelia,5
1720,515,2024-04-02 23:25:00,9,20,minicarnation,6
1721,344,2024-03-02 17:23:00,10,7,spiders,9
1722,284,2024-02-23 19:14:00,1,7,bouquet_rose_white,10
1723,522,2024-02-21 22:09:00,3,4,bouquet_rose_yellow,10
1724,35,2024-04-04 18:41:00,1,3,bouquet_rose_white,10
1725,2,2024-03-17 00:55:00,0,29,alstromelia,5
1726,274,2024-03-13 15:46:00,12,26,gypsophilia,3
1727,174,2024-04-18 13:15:00,11,3,spray rose,5
1728,438,2024-03-21 15:25:00,10,4,spiders,9
1729,140,2024-04-17 23:36:00,0,17,alstromelia,5
1730,81,2024-04-17 16:42:00,10,2,spiders,9
1731,308,2024-03-03 21:01:00,3,21,bouquet_rose_yellow,10
1732,132,2024-03-18 17:37:00,1,13,bouquet_rose_white,10
1733,435,2024-03-02 11:19:00,0,24,alstromelia,5
1734,352,2024-03-14 18:04:00,7,10,hydrangea,10
1735,237,2024-02-16 02:20:00,9,13,minicarnation,6
1736,61,2024-04-07 01:48:00,0,14,alstromelia,5
1737,68,2024-02-20 11:01:00,1,19,bouquet_rose_white,10
1738,29,2024-04-02 23:15:00,8,2,carnation,8
1739,354,2024-03-31 20:21:00,2,21,bouquet_rose_red,10
1740,404,2024-02-19 18:38:00,3,21,bouquet_rose_yellow,10
1741,90,2024-03-27 00:43:00,6,16,tulip,5
1742,309,2024-03-05 22:43:00,0,12,alstromelia,5
1743,413,2024-03-01 20:04:00,0,23,alstromelia,5
1744,392,2024-02-28 18:34:00,9,3,minicarnation,6
1745,317,2024-03-19 02:12:00,5,28,pom,7
1746,536,2024-04-05 21:29:00,12,10,gypsophilia,3
1747,55,2024-03-21 23:10:00,6,19,tulip,5
1748,389,2024-04-26 01:55:00,4,7,bouquet_rose_orange,10
1749,270,2024-03-15 11:57:00,6,10,tulip,5
1750,302,2024-03-05 14:06:00,12,20,gypsophilia,3
1751,85,2024-02-19 08:23:00,6,7,tulip,5
1752,457,2024-03-22 22:05:00,1,4,bouquet_rose_white,10
1753,422,2024-03-30 00:33:00,8,20,carnation,8
1754,18,2024-04-27 15:53:00,7,20,hydrangea,10
1755,322,2024-04-24 20:11:00,9,10,minicarnation,6
1756,205,2024-02-15 17:29:00,9,18,minicarnation,6
1757,450,2024-04-13 17:00:00,9,2,minicarnation,6
1758,21,2024-03-03 22:12:00,0,3,alstromelia,5
1759,294,2024-04-25 18:40:00,4,13,bouquet_rose_orange,10
1760,157,2024-04-22 22:45:00,7,10,hydrangea,10
1761,2,2024-04-11 07:30:00,6,27,tulip,5
1762,147,2024-02-23 13:02:00,8,12,carnation,8
1763,17,2024-04-27 18:23:00,5,16,pom,7
1764,298,2024-03-18 00:56:00,11,25,spray rose,5
1765,65,2024-03-20 20:33:00,0,23,alstromelia,5
1766,188,2024-03-08 11:58:00,8,8,carnation,8
1767,17,2024-04-17 03:36:00,4,6,bouquet_rose_orange,10
1768,233,2024-03-23 08:09:00,8,1,carnation,8
1769,438,2024-03-06 13:42:00,0,19,alstromelia,5
1770,31,2024-03-02 00:24:00,12,10,gypsophilia,3
1771,339,2024-03-27 05:45:00,9,5,minicarnation,6
1772,330,2024-04-11 19:08:00,8,15,carnation,8
1773,147,2024-02-23 19:02:00,12,28,gypsophilia,3
1774,123,2024-04-16 05:43:00,3,17,bouquet_rose_yellow,10
1775,80,2024-04-19 13:26:00,0,2,alstromelia,5
1776,307,2024-04-28 12:43:00,0,15,alstromelia,5
1777,521,2024-03-16 08:49:00,11,29,spray rose,5
1778,94,2024-04-05 19:44:00,10,15,spiders,9
1779,101,2024-04-17 09:30:00,3,23,bouquet_rose_yellow,10
1780,330,2024-04-20 03:58:00,10,5,spiders,9
1781,158,2024-04-14 04:00:00,1,11,bouquet_rose_white,10
1782,367,2024-03-10 19:55:00,8,6,carnation,8
1783,434,2024-03-15 19:33:00,6,23,tulip,5
1784,17,2024-04-04 13:39:00,3,3,bouquet_rose_yellow,10
1785,202,2024-03-18 10:39:00,12,26,gypsophilia,3
1786,145,2024-03-28 17:43:00,2,16,bouquet_rose_red,10
1787,407,2024-04-15 06:12:00,11,11,spray rose,5
1788,373,2024-04-07 04:52:00,5,11,pom,7
1789,530,2024-04-02 02:46:00,4,4,bouquet_rose_orange,10
1790,529,2024-02-17 02:41:00,6,21,tulip,5
1791,41,2024-03-08 20:38:00,7,12,hydrangea,10
1792,263,2024-04-05 10:47:00,3,10,bouquet_rose_yellow,10
1793,438,2024-02-26 16:15:00,8,7,carnation,8
1794,71,2024-04-17 17:29:00,10,7,spiders,9
1795,116,2024-04-10 09:56:00,1,9,bouquet_rose_white,10
1796,236,2024-03-09 06:44:00,8,26,carnation,8
1797,177,2024-04-28 05:08:00,7,16,hydrangea,10
1798,290,2024-03-20 20:11:00,2,18,bouquet_rose_red,10
1799,536,2024-02-20 06:01:00,5,11,pom,7
1800,36,2024-03-27 17:01:00,8,14,carnation,8
1801,242,2024-03-09 15:45:00,1,29,bouquet_rose_white,10
1802,293,2024-04-07 14:10:00,6,21,tulip,5
1803,44,2024-04-22 14:11:00,9,24,minicarnation,6
1804,467,2024-03-29 02:53:00,12,13,gypsophilia,3
1805,22,2024-04-13 17:49:00,6,21,tulip,5
1806,130,2024-04-29 22:46:00,7,22,hydrangea,10
1807,122,2024-04-14 10:27:00,4,14,bouquet_rose_orange,10
1808,513,2024-02-20 14:49:00,0,28,alstromelia,5
1809,206,2024-03-23 02:47:00,11,2,spray rose,5
1810,416,2024-02-20 01:44:00,9,22,minicarnation,6
1811,33,2024-04-15 10:58:00,3,4,bouquet_rose_yellow,10
1812,346,2024-04-06 05:21:00,12,12,gypsophilia,3
1813,256,2024-03-12 01:41:00,0,21,alstromelia,5
1814,428,2024-02-19 10:02:00,12,19,gypsophilia,3
1815,200,2024-04-10 18:22:00,9,3,minicarnation,6
1816,292,2024-03-15 16:43:00,6,21,tulip,5
1817,168,2024-03-26 19:38:00,0,25,alstromelia,5
1818,420,2024-02-28 03:47:00,11,2,spray rose,5
1819,156,2024-04-16 14:58:00,3,29,bouquet_rose_yellow,10
1820,531,2024-04-22 11:51:00,0,7,alstromelia,5
1821,515,2024-03-31 17:05:00,5,10,pom,7
1822,317,2024-03-29 07:27:00,4,16,bouquet_rose_orange,10
1823,154,2024-03-15 17:26:00,10,26,spiders,9
1824,293,2024-04-26 06:26:00,8,13,carnation,8
1825,308,2024-04-28 07:12:00,3,14,bouquet_rose_yellow,10
1826,189,2024-03-11 09:11:00,9,29,minicarnation,6
1827,62,2024-03-31 08:44:00,8,22,carnation,8
1828,460,2024-02-25 15:30:00,9,28,minicarnation,6
1829,247,2024-04-27 05:36:00,6,21,tulip,5
1830,29,2024-04-16 06:33:00,6,24,tulip,5
1831,246,2024-03-07 17:41:00,7,8,hydrangea,10
1832,70,2024-02-19 10:40:00,8,21,carnation,8
1833,95,2024-04-19 15:12:00,12,7,gypsophilia,3
1834,416,2024-02-23 05:26:00,8,21,carnation,8
1835,198,2024-03-28 18:55:00,6,15,tulip,5
1836,17,2024-04-03 08:57:00,10,28,spiders,9
1837,8,2024-04-29 20:39:00,4,17,bouquet_rose_orange,10
1838,126,2024-03-26 16:50:00,8,25,carnation,8
1839,324,2024-02-22 01:58:00,4,14,bouquet_rose_orange,10
1840,18,2024-04-29 15:24:00,7,23,hydrangea,10
1841,393,2024-03-31 07:18:00,0,19,alstromelia,5
1842,374,2024-04-04 17:22:00,9,20,minicarnation,6
1843,45,2024-04-12 17:33:00,12,16,gypsophilia,3
1844,36,2024-03-25 11:28:00,9,20,minicarnation,6
1845,194,2024-03-21 13:38:00,11,15,spray rose,5
1846,268,2024-04-06 18:14:00,2,7,bouquet_rose_red,10
1847,445,2024-02-28 12:29:00,9,14,minicarnation,6
1848,283,2024-03-09 23:22:00,2,13,bouquet_rose_red,10
1849,302,2024-03-03 01:41:00,9,10,minicarnation,6
1850,58,2024-03-29 09:28:00,5,19,pom,7
1851,122,2024-03-31 20:58:00,12,4,gypsophilia,3
1852,6,2024-02-18 20:13:00,1,10,bouquet_rose_white,10
1853,384,2024-02-20 03:45:00,1,15,bouquet_rose_white,10
1854,225,2024-04-27 16:39:00,9,7,minicarnation,6
1855,21,2024-04-16 05:21:00,7,21,hydrangea,10
1856,170,2024-03-28 00:40:00,12,25,gypsophilia,3
1857,151,2024-04-06 03:26:00,6,23,tulip,5
1858,56,2024-02-23 16:51:00,8,8,carnation,8
1859,151,2024-04-24 05:34:00,1,28,bouquet_rose_white,10
1860,146,2024-04-07 18:16:00,5,29,pom,7
1861,494,2024-04-11 12:54:00,1,1,bouquet_rose_white,10
1862,471,2024-02-27 11:26:00,10,22,spiders,9
1863,297,2024-03-28 05:44:00,3,26,bouquet_rose_yellow,10
1864,214,2024-04-11 20:31:00,6,21,tulip,5
1865,150,2024-04-19 19:36:00,3,26,bouquet_rose_yellow,10
1866,511,2024-02-19 04:18:00,1,25,bouquet_rose_white,10
1867,359,2024-02-17 10:38:00,7,23,hydrangea,10
1868,399,2024-03-28 01:21:00,3,17,bouquet_rose_yellow,10
1869,21,2024-03-23 22:36:00,12,12,gypsophilia,3
1870,279,2024-04-09 03:10:00,11,1,spray rose,5
1871,461,2024-03-22 08:27:00,0,14,alstromelia,5
1872,369,2024-03-10 01:46:00,7,27,hydrangea,10
1873,362,2024-04-10 20:13:00,4,17,bouquet_rose_orange,10
1874,19,2024-04-05 15:47:00,5,8,pom,7
1875,425,2024-03-26 21:37:00,12,26,gypsophilia,3
1876,451,2024-03-18 14:02:00,8,13,carnation,8
1877,353,2024-04-13 16:11:00,2,20,bouquet_rose_red,10
1878,110,2024-04-05 13:33:00,3,27,bouquet_rose_yellow,10
1879,529,2024-03-11 05:09:00,12,17,gypsophilia,3
1880,212,2024-03-13 23:53:00,7,1,hydrangea,10
1881,298,2024-04-25 16:10:00,10,18,spiders,9
1882,91,2024-02-27 14:09:00,7,19,hydrangea,10
1883,209,2024-02-20 10:54:00,6,11,tulip,5
1884,512,2024-03-28 00:12:00,10,24,spiders,9
1885,310,2024-02-29 18:21:00,9,20,minicarnation,6
1886,181,2024-03-12 00:17:00,10,24,spiders,9
1887,280,2024-03-28 23:46:00,9,5,minicarnation,6
1888,511,2024-02-21 08:24:00,9,5,minicarnation,6
1889,359,2024-04-20 11:07:00,12,10,gypsophilia,3
1890,33,2024-02-26 08:58:00,12,20,gypsophilia,3
1891,368,2024-03-14 00:47:00,3,12,bouquet_rose_yellow,10
1892,302,2024-04-23 14:05:00,8,10,carnation,8
1893,307,2024-04-17 11:03:00,7,7,hydrangea,10
1894,323,2024-04-08 03:03:00,0,4,alstromelia,5
1895,80,2024-04-13 08:37:00,4,1,bouquet_rose_orange,10
1896,155,2024-04-21 03:10:00,11,11,spray rose,5
1897,139,2024-03-20 07:46:00,5,14,pom,7
1898,447,2024-04-26 18:51:00,9,7,minicarnation,6
1899,106,2024-02-22 18:25:00,7,25,hydrangea,10
1900,518,2024-04-03 20:42:00,0,2,alstromelia,5
1901,376,2024-03-10 18:43:00,6,3,tulip,5
1902,443,2024-04-19 12:50:00,0,17,alstromelia,5
1903,167,2024-02-28 20:45:00,11,11,spray rose,5
1904,119,2024-02-24 13:25:00,12,1,gypsophilia,3
1905,240,2024-04-20 12:21:00,2,2,bouquet_rose_red,10
1906,17,2024-04-24 12:42:00,1,29,bouquet_rose_white,10
1907,189,2024-04-22 00:50:00,3,26,bouquet_rose_yellow,10
1908,79,2024-02-28 15:59:00,3,17,bouquet_rose_yellow,10
1909,454,2024-03-27 22:28:00,8,26,carnation,8
1910,220,2024-02-22 15:19:00,4,15,bouquet_rose_orange,10
1911,501,2024-03-01 13:38:00,3,3,bouquet_rose_yellow,10
1912,358,2024-03-14 12:30:00,5,2,pom,7
1913,496,2024-04-19 10:03:00,4,4,bouquet_rose_orange,10
1914,391,2024-03-10 22:57:00,4,11,bouquet_rose_orange,10
1915,24,2024-03-13 19:49:00,12,22,gypsophilia,3
1916,438,2024-04-03 19:07:00,10,17,spiders,9
1917,206,2024-03-28 19:52:00,6,4,tulip,5
1918,257,2024-02-16 16:15:00,1,1,bouquet_rose_white,10
1919,322,2024-02-28 08:24:00,11,28,spray rose,5
1920,274,2024-02-19 05:11:00,2,16,bouquet_rose_red,10
1921,479,2024-03-11 21:42:00,5,2,pom,7
1922,508,2024-04-01 09:04:00,11,8,spray rose,5
1923,259,2024-02-27 11:09:00,3,20,bouquet_rose_yellow,10
1924,438,2024-04-05 08:56:00,1,7,bouquet_rose_white,10
1925,187,2024-04-05 13:25:00,1,19,bouquet_rose_white,10
1926,473,2024-02-27 12:09:00,8,20,carnation,8
1927,361,2024-04-20 13:10:00,11,3,spray rose,5
1928,276,2024-04-24 12:34:00,3,23,bouquet_rose_yellow,10
1929,38,2024-04-01 17:55:00,6,1,tulip,5
1930,20,2024-04-09 14:16:00,12,28,gypsophilia,3
1931,97,2024-03-18 16:54:00,9,25,minicarnation,6
1932,126,2024-03-02 23:38:00,1,11,bouquet_rose_white,10
1933,211,2024-03-20 06:15:00,8,26,carnation,8
1934,111,2024-04-15 21:02:00,8,12,carnation,8
1935,211,2024-04-10 17:03:00,5,5,pom,7
1936,493,2024-04-08 02:24:00,10,25,spiders,9
1937,334,2024-02-20 04:38:00,3,22,bouquet_rose_yellow,10
1938,79,2024-03-26 12:47:00,11,22,spray rose,5
1939,350,2024-04-03 19:42:00,4,1,bouquet_rose_orange,10
1940,260,2024-02-18 04:57:00,5,25,pom,7
1941,75,2024-03-23 06:21:00,7,16,hydrangea,10
1942,107,2024-02-18 17:53:00,6,15,tulip,5
1943,212,2024-03-18 01:16:00,8,25,carnation,8
1944,499,2024-03-15 21:49:00,0,12,alstromelia,5
1945,281,2024-02-23 11:35:00,7,10,hydrangea,10
1946,525,2024-04-28 06:32:00,10,29,spiders,9
1947,190,2024-04-01 08:58:00,1,29,bouquet_rose_white,10
1948,151,2024-03-06 22:54:00,3,24,bouquet_rose_yellow,10
1949,304,2024-03-22 14:55:00,9,28,minicarnation,6
1950,427,2024-04-18 15:31:00,4,13,bouquet_rose_orange,10
1951,417,2024-04-17 12:36:00,12,25,gypsophilia,3
1952,285,2024-03-08 15:03:00,0,1,alstromelia,5
1953,83,2024-03-20 01:00:00,12,9,gypsophilia,3
1954,345,2024-03-29 01:40:00,1,26,bouquet_rose_white,10
1955,443,2024-04-06 08:01:00,8,12,carnation,8
1956,431,2024-03-24 11:21:00,8,17,carnation,8
1957,35,2024-04-25 12:56:00,3,2,bouquet_rose_yellow,10
1958,180,2024-04-20 01:16:00,10,28,spiders,9
1959,167,2024-03-07 18:34:00,8,27,carnation,8
1960,500,2024-04-03 15:27:00,7,14,hydrangea,10
1961,420,2024-03-24 20:24:00,10,24,spiders,9
1962,255,2024-04-16 07:33:00,6,28,tulip,5
1963,169,2024-02-25 14:19:00,7,4,hydrangea,10
1964,224,2024-03-11 17:15:00,1,11,bouquet_rose_white,10
1965,32,2024-04-15 11:01:00,2,15,bouquet_rose_red,10
1966,419,2024-02-27 20:56:00,4,14,bouquet_rose_orange,10
1967,216,2024-02-20 18:06:00,11,1,spray rose,5
1968,200,2024-02-22 05:43:00,3,19,bouquet_rose_yellow,10
1969,484,2024-03-25 01:23:00,1,25,bouquet_rose_white,10
1970,16,2024-04-02 08:00:00,3,28,bouquet_rose_yellow,10
1971,153,2024-04-02 18:34:00,5,3,pom,7
1972,414,2024-03-04 07:12:00,9,6,minicarnation,6
1973,492,2024-03-16 23:36:00,12,5,gypsophilia,3
1974,68,2024-02-28 17:40:00,1,5,bouquet_rose_white,10
1975,98,2024-04-10 11:53:00,9,12,minicarnation,6
1976,406,2024-04-06 22:51:00,2,2,bouquet_rose_red,10
1977,307,2024-02-21 06:15:00,11,13,spray rose,5
1978,357,2024-03-30 10:19:00,1,8,bouquet_rose_white,10
1979,234,2024-02-18 14:00:00,5,24,pom,7
1980,427,2024-04-22 17:29:00,7,28,hydrangea,10
1981,231,2024-04-16 08:25:00,0,27,alstromelia,5
1982,19,2024-04-19 17:03:00,10,8,spiders,9
1983,499,2024-04-22 00:33:00,3,21,bouquet_rose_yellow,10
1984,119,2024-03-10 14:06:00,8,27,carnation,8
1985,313,2024-04-15 17:01:00,4,11,bouquet_rose_orange,10
1986,447,2024-02-25 02:28:00,7,13,hydrangea,10
1987,242,2024-04-28 19:43:00,7,18,hydrangea,10
1988,441,2024-04-21 22:26:00,7,5,hydrangea,10
1989,449,2024-04-23 01:18:00,11,17,spray rose,5
1990,238,2024-04-21 22:07:00,4,27,bouquet_rose_orange,10
1991,347,2024-03-01 06:40:00,3,10,bouquet_rose_yellow,10
1992,300,2024-03-25 17:57:00,10,27,spiders,9
1993,324,2024-03-28 06:21:00,3,11,bouquet_rose_yellow,10
1994,516,2024-03-06 06:56:00,10,29,spiders,9
1995,186,2024-03-27 18:15:00,3,6,bouquet_rose_yellow,10
1996,536,2024-03-01 06:28:00,5,14,pom,7
1997,369,2024-03-01 14:29:00,4,23,bouquet_rose_orange,10
1998,168,2024-04-13 18:24:00,10,19,spiders,9
1999,395,2024-03-17 22:21:00,7,5,hydrangea,10
