order_id,customer_id,order_date,flower_id,quantity
0,335,2024/03/19 10:49 PM,7,26
1,35,2024/04/16 05:47 AM,5,24
2,295,2024/03/07 12:25 AM,5,20
3,421,2024/03/03 03:42 AM,3,22
4,156,2024/04/11 02:16 PM,4,20
5,239,2024/03/21 12:46 PM,10,26
6,269,2024/03/31 08:12 PM,12,26
7,142,2024/03/25 02:45 AM,8,3
8,66,2024/02/21 09:46 PM,7,21
9,216,2024/03/07 07:15 AM,6,17
10,244,2024/04/19 01:52 AM,3,17
11,157,2024/03/21 03:24 PM,3,22
12,516,2024/04/20 08:30 AM,12,18
13,525,2024/03/16 07:20 AM,10,7
14,11,2024/03/02 08:17 AM,2,17
15,471,2024/03/28 09:08 PM,2,25
16,419,2024/03/08 12:58 AM,9,14
17,204,2024/03/28 12:08 AM,11,14
18,100,2024/03/12 09:11 PM,12,3
19,18,2024/02/28 06:36 AM,11,28
20,282,2024/04/04 01:18 AM,3,29
21,253,2024/03/03 08:40 PM,4,19
22,446,2024/02/24 04:32 PM,9,3
23,184,2024/04/20 08:54 PM,0,23
24,531,2024/04/13 08:12 PM,11,2
25,527,2024/02/19 10:32 PM,10,25
26,467,2024/03/06 10:28 AM,12,29
27,517,2024/03/21 01:26 AM,12,29
28,107,2024/02/23 12:46 PM,2,22
29,518,2024/03/29 04:00 PM,3,6
30,312,2024/03/26 10:22 PM,1,4
31,491,2024/04/03 03:50 PM,1,29
32,172,2024/02/24 03:58 PM,9,19
33,20,2024/04/11 10:41 AM,5,20
34,111,2024/02/20 02:06 PM,12,27
35,429,2024/04/05 06:44 AM,9,4
36,103,2024/03/07 01:12 AM,11,3
37,386,2024/04/25 06:31 AM,12,16
38,20,2024/04/21 03:42 AM,10,1
39,223,2024/04/22 07:31 AM,8,12
40,202,2024/02/18 08:57 AM,7,17
41,19,2024/03/14 05:05 AM,0,10
42,97,2024/04/06 07:12 AM,0,16
43,430,2024/04/25 08:33 PM,1,7
44,138,2024/03/24 05:41 PM,11,28
45,527,2024/02/20 01:01 PM,0,16
46,78,2024/04/06 02:07 PM,0,25
47,61,2024/04/24 03:09 PM,9,29
48,289,2024/03/02 01:11 AM,10,3
49,139,2024/03/14 10:42 AM,6,20
50,395,2024/03/28 07:04 PM,12,29
51,396,2024/04/21 03:45 PM,6,29
52,87,2024/04/24 05:06 PM,6,16
53,534,2024/03/26 11:21 AM,10,17
54,151,2024/04/21 03:39 PM,10,6
55,509,2024/03/03 06:08 AM,8,24
56,46,2024/02/16 08:53 AM,2,28
57,17,2024/03/08 09:36 AM,4,10
58,389,2024/03/18 05:47 AM,6,27
59,6,2024/03/26 08:19 PM,2,12
60,465,2024/03/20 11:23 AM,1,7
61,251,2024/04/05 12:58 PM,6,24
62,214,2024/04/28 03:08 AM,0,27
63,93,2024/02/27 08:06 PM,6,20
64,507,2024/03/22 01:35 AM,6,16
65,263,2024/02/29 12:05 AM,2,21
66,23,2024/02/19 10:42 AM,4,23
67,248,2024/04/14 09:04 PM,6,13
68,122,2024/04/04 06:57 AM,4,3
69,149,2024/04/29 05:59 PM,4,6
70,419,2024/04/28 08:16 PM,11,22
71,252,2024/03/20 02:45 PM,2,5
72,249,2024/03/08 02:30 PM,5,26
73,540,2024/04/22 02:29 PM,3,3
74,101,2024/03/10 02:14 PM,12,29
75,110,2024/03/16 12:18 AM,2,9
76,252,2024/03/05 10:49 AM,3,20
77,438,2024/03/26 01:55 PM,12,19
78,58,2024/03/26 09:44 PM,9,23
79,185,2024/03/17 08:57 AM,5,10
80,7,2024/03/10 05:45 AM,1,4
81,31,2024/04/24 05:41 PM,8,3
82,80,2024/03/10 11:14 AM,4,9
83,336,2024/04/04 03:47 AM,8,10
84,60,2024/04/13 12:30 AM,0,1
85,216,2024/04/20 03:01 AM,9,25
86,388,2024/04/20 05:34 AM,10,26
87,75,2024/03/03 01:36 PM,10,1
88,470,2024/03/27 11:11 AM,2,28
89,49,2024/04/04 07:35 AM,0,7
90,508,2024/04/25 06:34 AM,9,16
91,526,2024/04/26 07:44 AM,1,15
92,169,2024/04/17 11:17 PM,1,19
93,258,2024/04/25 08:49 AM,4,3
94,196,2024/04/24 06:56 PM,9,27
95,336,2024/04/22 05:22 AM,7,8
96,480,2024/04/15 12:00 AM,1,13
97,515,2024/03/31 11:19 AM,4,23
98,216,2024/03/28 01:47 AM,10,9
99,405,2024/02/19 01:07 PM,10,17
100,199,2024/03/17 07:11 AM,9,29
101,440,2024/04/15 10:35 PM,0,27
102,158,2024/04/26 12:15 AM,9,17
103,464,2024/04/11 02:19 PM,7,20
104,91,2024/04/19 02:47 PM,3,5
105,300,2024/04/09 09:18 AM,3,15
106,60,2024/04/25 04:03 PM,12,20
107,113,2024/04/11 10:51 AM,8,1
108,283,2024/02/17 03:59 AM,8,1
109,475,2024/04/05 04:53 AM,8,11
110,41,2024/02/25 05:57 PM,2,16
111,11,2024/04/28 02:38 PM,9,1
112,185,2024/04/26 09:37 AM,10,19
113,170,2024/04/05 01:25 AM,7,23
114,491,2024/02/29 08:26 PM,8,1
115,96,2024/02/18 07:04 AM,0,17
116,490,2024/04/02 08:44 PM,2,5
117,503,2024/03/24 07:40 AM,12,1
118,182,2024/04/04 09:01 AM,11,2
119,16,2024/03/13 05:07 PM,2,27
120,199,2024/04/12 07:16 AM,10,8
121,333,2024/02/28 03:41 AM,2,26
122,61,2024/03/12 10:24 AM,6,1
123,433,2024/03/06 10:10 PM,8,24
124,346,2024/04/20 12:36 AM,9,11
125,360,2024/02/29 03:01 AM,6,9
126,533,2024/04/20 01:25 AM,11,4
127,1,2024/03/05 04:04 AM,3,8
128,175,2024/04/10 01:59 PM,5,17
129,524,2024/03/11 04:11 PM,1,8
130,413,2024/04/14 02:04 AM,12,19
131,371,2024/03/05 06:49 AM,2,18
132,185,2024/02/23 12:42 AM,9,24
133,393,2024/03/10 01:24 AM,3,17
134,35,2024/03/21 08:04 AM,5,13
135,308,2024/04/11 02:53 AM,4,22
136,515,2024/02/25 07:43 AM,7,12
137,58,2024/04/23 12:49 PM,9,17
138,79,2024/03/21 05:06 PM,8,15
139,149,2024/04/01 04:02 AM,7,5
140,171,2024/03/14 05:11 AM,7,21
141,294,2024/03/08 06:07 PM,12,25
142,26,2024/02/24 06:24 PM,5,3
143,14,2024/04/28 01:52 PM,12,3
144,472,2024/02/20 08:01 PM,4,21
145,361,2024/04/25 09:20 PM,4,8
146,353,2024/03/11 11:23 AM,5,14
147,464,2024/03/21 04:13 PM,11,29
148,248,2024/03/23 05:55 PM,7,20
149,481,2024/02/27 04:01 PM,11,16
150,150,2024/03/18 05:32 AM,5,28
151,337,2024/04/11 10:38 PM,11,22
152,298,2024/03/14 12:15 PM,8,12
153,183,2024/04/22 09:19 AM,3,15
154,378,2024/04/06 09:30 AM,3,14
155,208,2024/03/31 10:09 PM,2,9
156,134,2024/03/22 01:27 PM,3,15
157,40,2024/03/08 12:22 PM,8,27
158,230,2024/04/01 09:55 AM,7,12
159,453,2024/02/27 07:59 AM,1,27
160,102,2024/03/14 11:30 PM,6,9
161,539,2024/03/06 08:41 PM,8,16
162,253,2024/02/23 11:41 PM,8,15
163,95,2024/04/28 01:22 PM,5,14
164,255,2024/04/29 02:47 AM,8,27
165,247,2024/03/02 06:42 AM,5,28
166,448,2024/04/14 04:54 AM,11,2
167,131,2024/02/28 01:07 PM,4,8
168,353,2024/04/25 04:39 AM,12,9
169,136,2024/02/25 09:05 PM,12,17
170,302,2024/03/10 11:16 AM,6,14
171,38,2024/02/20 02:26 AM,12,8
172,6,2024/03/06 05:08 PM,11,24
173,32,2024/04/10 04:33 AM,2,4
174,413,2024/04/14 04:53 PM,1,1
175,37,2024/03/13 08:45 AM,2,7
176,73,2024/03/17 06:05 PM,4,16
177,431,2024/03/03 06:25 AM,12,12
178,307,2024/04/09 08:51 PM,7,3
179,10,2024/04/02 04:12 PM,11,17
180,482,2024/04/29 10:15 PM,2,18
181,517,2024/03/17 12:14 PM,8,1
182,24,2024/02/28 02:21 AM,4,3
183,400,2024/04/15 10:08 PM,2,5
184,87,2024/02/19 03:33 PM,7,17
185,385,2024/04/29 04:16 PM,6,15
186,24,2024/04/25 09:27 PM,7,22
187,55,2024/03/12 12:36 AM,3,6
188,364,2024/03/28 11:03 AM,11,28
189,462,2024/02/28 04:25 AM,10,7
190,24,2024/02/17 10:30 PM,2,2
191,532,2024/02/16 12:26 AM,12,2
192,361,2024/04/17 04:34 AM,8,2
193,377,2024/03/06 09:27 PM,8,16
194,403,2024/03/17 10:10 PM,0,28
195,262,2024/02/16 01:00 PM,7,14
196,308,2024/03/14 07:08 AM,3,25
197,467,2024/02/22 07:59 AM,4,25
198,333,2024/02/20 11:39 AM,4,19
199,332,2024/02/22 03:06 PM,2,2
200,427,2024/02/27 11:54 PM,0,19
201,516,2024/03/13 08:14 AM,6,10
202,191,2024/03/15 01:17 PM,6,9
203,2,2024/03/13 08:11 AM,9,23
204,194,2024/04/24 07:16 PM,7,2
205,199,2024/03/01 02:10 PM,1,20
206,356,2024/04/02 12:13 PM,12,4
207,33,2024/02/29 12:39 PM,6,15
208,150,2024/03/11 07:34 PM,0,29
209,369,2024/02/21 07:26 AM,0,6
210,482,2024/03/20 01:24 AM,11,25
211,216,2024/03/20 04:16 AM,9,7
212,404,2024/04/24 02:03 PM,12,22
213,461,2024/04/29 08:04 PM,1,15
214,255,2024/04/15 01:14 PM,12,7
215,66,2024/04/24 07:32 AM,12,22
216,503,2024/03/13 09:08 AM,2,5
217,210,2024/04/12 01:57 PM,11,5
218,250,2024/04/01 03:29 AM,7,16
219,479,2024/03/05 02:15 AM,12,11
220,6,2024/04/22 02:18 PM,7,29
221,194,2024/04/23 12:39 AM,9,20
222,184,2024/04/05 06:03 AM,7,18
223,223,2024/03/22 12:13 PM,2,11
224,212,2024/02/17 05:58 AM,5,28
225,526,2024/02/22 09:11 AM,3,2
226,43,2024/04/18 09:24 AM,9,19
227,241,2024/04/17 02:27 AM,4,1
228,184,2024/03/29 03:06 AM,7,5
229,491,2024/04/08 01:25 AM,7,4
230,154,2024/04/09 09:30 AM,9,9
231,174,2024/03/12 06:43 AM,7,9
232,213,2024/03/31 11:51 PM,4,21
233,82,2024/03/27 09:18 AM,9,1
234,389,2024/03/25 09:36 AM,7,20
235,484,2024/02/28 01:04 AM,0,23
236,407,2024/02/20 04:02 AM,3,2
237,53,2024/03/16 08:38 PM,6,21
238,333,2024/03/04 04:16 AM,3,21
239,276,2024/04/05 11:57 AM,10,9
240,26,2024/02/29 04:38 PM,11,18
241,278,2024/04/28 12:48 AM,12,26
242,510,2024/04/28 11:38 PM,9,7
243,436,2024/04/29 05:23 AM,4,25
244,365,2024/02/29 06:00 PM,5,3
245,79,2024/03/15 05:39 AM,0,1
246,537,2024/04/06 11:07 AM,5,22
247,219,2024/03/22 09:35 PM,12,13
248,49,2024/04/17 12:56 PM,10,7
249,183,2024/04/05 01:51 PM,10,3
250,274,2024/04/16 11:02 PM,1,24
251,492,2024/03/09 01:37 PM,8,4
252,301,2024/02/21 03:43 AM,4,29
253,57,2024/04/30 03:00 AM,5,22
254,305,2024/03/30 11:16 AM,2,24
255,127,2024/04/04 11:32 AM,2,24
256,383,2024/04/02 11:00 PM,4,22
257,462,2024/04/04 09:03 AM,4,15
258,299,2024/03/19 10:36 PM,4,2
259,485,2024/04/04 11:29 PM,10,17
260,126,2024/03/13 01:26 AM,11,25
261,406,2024/04/09 10:42 PM,8,19
262,141,2024/03/29 09:50 PM,0,9
263,479,2024/03/17 12:56 PM,3,7
264,309,2024/04/04 02:34 AM,11,23
265,46,2024/03/24 01:18 AM,2,10
266,505,2024/02/19 06:43 AM,7,17
267,59,2024/04/24 04:27 PM,3,25
268,251,2024/04/14 08:27 PM,11,2
269,36,2024/03/21 04:33 AM,11,19
270,476,2024/04/18 06:52 AM,5,19
271,33,2024/04/03 12:15 PM,9,10
272,508,2024/03/14 10:22 AM,1,1
273,206,2024/03/14 05:30 AM,8,16
274,67,2024/04/25 08:08 AM,9,22
275,399,2024/03/25 12:26 PM,5,3
276,357,2024/04/19 07:43 PM,11,2
277,509,2024/04/23 12:33 AM,11,27
278,402,2024/04/07 12:19 AM,7,16
279,371,2024/03/05 06:19 PM,2,26
280,451,2024/03/31 08:09 PM,1,5
281,34,2024/03/10 09:25 AM,8,20
282,524,2024/03/02 01:10 AM,9,28
283,220,2024/04/15 04:49 PM,10,29
284,384,2024/03/02 02:26 AM,7,19
285,31,2024/04/06 01:18 AM,8,13
286,44,2024/02/17 01:57 PM,6,28
287,192,2024/03/18 04:37 PM,3,7
288,437,2024/02/20 02:24 PM,5,1
289,421,2024/04/15 08:27 PM,9,6
290,8,2024/03/02 04:55 AM,3,6
291,285,2024/04/11 07:24 PM,6,10
292,211,2024/02/27 11:43 AM,7,27
293,531,2024/04/26 08:48 AM,12,24
294,52,2024/03/09 11:47 AM,10,19
295,219,2024/03/25 08:49 AM,9,4
296,534,2024/03/07 10:48 PM,11,11
297,37,2024/04/06 12:39 AM,2,18
298,6,2024/03/17 10:30 PM,11,9
299,514,2024/04/23 04:53 PM,9,19
300,212,2024/03/31 09:24 PM,5,23
301,290,2024/04/03 09:49 PM,3,13
302,397,2024/03/10 10:20 PM,3,25
303,392,2024/03/14 06:43 PM,4,27
304,181,2024/02/15 02:07 PM,0,25
305,315,2024/04/27 07:13 AM,9,19
306,318,2024/03/07 09:46 PM,4,7
307,395,2024/03/03 04:30 AM,1,15
308,271,2024/04/11 04:36 AM,2,1
309,131,2024/02/22 07:13 AM,6,21
310,509,2024/04/28 10:13 AM,5,13
311,162,2024/03/28 10:59 AM,0,28
312,535,2024/04/10 03:56 PM,6,26
313,167,2024/04/04 08:50 AM,6,24
314,347,2024/04/20 05:15 PM,4,21
315,208,2024/03/19 05:34 PM,0,21
316,105,2024/03/25 03:48 AM,5,4
317,74,2024/03/07 06:43 PM,11,23
318,60,2024/03/18 02:10 PM,10,25
319,267,2024/04/26 07:12 AM,4,9
320,76,2024/02/23 04:44 PM,0,13
321,491,2024/04/17 03:00 AM,0,17
322,428,2024/02/18 08:48 PM,7,27
323,171,2024/03/03 10:31 PM,12,26
324,275,2024/03/04 07:29 AM,12,1
325,329,2024/03/10 09:40 PM,5,5
326,307,2024/04/23 02:23 AM,5,16
327,500,2024/04/11 09:03 AM,7,19
328,536,2024/04/15 04:28 PM,0,27
329,277,2024/02/26 08:02 PM,12,15
330,24,2024/02/20 01:17 PM,4,17
331,301,2024/04/24 05:28 PM,10,20
332,181,2024/03/12 03:55 PM,5,15
333,97,2024/03/02 01:48 AM,1,9
334,34,2024/02/19 04:16 AM,6,16
335,341,2024/04/29 10:09 PM,3,19
336,390,2024/02/17 05:03 PM,3,19
337,248,2024/03/21 03:43 PM,8,14
338,235,2024/02/18 08:56 PM,0,1
339,39,2024/03/15 07:09 PM,2,29
340,264,2024/02/15 08:05 PM,2,10
341,149,2024/04/08 11:23 PM,1,17
342,75,2024/03/07 06:29 PM,10,7
343,108,2024/03/02 03:57 PM,4,9
344,133,2024/04/25 04:33 AM,10,25
345,433,2024/04/05 06:01 PM,6,22
346,468,2024/03/15 12:39 PM,8,4
347,471,2024/04/25 04:22 PM,8,26
348,274,2024/04/17 06:39 AM,12,26
349,125,2024/02/18 04:11 AM,1,5
350,180,2024/02/19 10:58 PM,6,15
351,10,2024/04/21 03:13 AM,8,17
352,188,2024/02/21 08:44 PM,12,5
353,501,2024/03/02 12:06 AM,2,4
354,204,2024/04/07 02:51 PM,5,26
355,191,2024/04/23 02:08 AM,9,19
356,514,2024/03/03 10:01 AM,6,9
357,5,2024/03/12 12:29 PM,7,13
358,409,2024/03/25 02:01 PM,12,19
359,416,2024/04/22 07:51 AM,12,20
360,168,2024/03/04 10:46 PM,12,8
361,95,2024/03/29 02:54 AM,9,29
362,356,2024/03/12 10:02 PM,11,9
363,518,2024/03/21 01:49 AM,12,5
364,282,2024/02/27 11:00 PM,5,11
365,280,2024/03/14 10:47 AM,9,21
366,513,2024/04/29 09:35 PM,12,15
367,444,2024/04/12 02:56 AM,2,10
368,409,2024/02/18 08:28 AM,8,14
369,158,2024/03/19 06:26 AM,0,13
370,190,2024/02/29 05:59 PM,11,27
371,112,2024/02/25 12:42 AM,1,18
372,51,2024/02/18 04:21 PM,4,6
373,287,2024/02/25 09:20 PM,0,15
374,112,2024/04/06 09:46 PM,7,26
375,219,2024/04/15 07:31 AM,11,5
376,537,2024/03/19 05:00 AM,7,9
377,21,2024/03/22 08:22 AM,10,26
378,12,2024/03/31 09:16 AM,4,4
379,24,2024/02/26 10:02 PM,9,27
380,20,2024/03/11 10:31 AM,12,4
381,261,2024/04/13 03:06 PM,11,21
382,151,2024/04/27 02:12 PM,7,12
383,291,2024/03/27 12:10 AM,6,5
384,105,2024/04/05 09:04 AM,8,2
385,101,2024/04/21 08:06 AM,11,23
386,185,2024/03/19 11:38 PM,2,28
387,229,2024/04/02 11:22 PM,12,28
388,255,2024/04/20 02:00 AM,8,9
389,15,2024/02/27 12:34 PM,11,16
390,138,2024/03/20 08:16 AM,0,27
391,238,2024/02/16 10:37 PM,9,13
392,300,2024/03/06 04:07 AM,1,19
393,25,2024/04/30 02:37 AM,6,16
394,68,2024/04/08 12:00 PM,6,18
395,44,2024/02/19 03:26 AM,6,3
396,167,2024/04/20 08:56 AM,0,4
397,517,2024/04/16 06:22 AM,10,26
398,355,2024/03/22 12:57 PM,4,24
399,65,2024/04/09 01:49 PM,3,27
400,169,2024/02/25 11:56 AM,8,3
401,496,2024/04/27 12:51 AM,7,21
402,142,2024/02/29 09:48 PM,12,1
403,191,2024/03/15 10:50 AM,3,3
404,58,2024/03/29 06:50 AM,11,6
405,289,2024/03/09 07:14 PM,2,16
406,188,2024/03/05 04:50 AM,2,13
407,78,2024/03/05 08:24 AM,0,27
408,248,2024/02/15 06:51 PM,4,25
409,238,2024/04/29 05:26 PM,7,4
410,169,2024/03/10 01:14 PM,7,2
411,102,2024/02/20 11:55 PM,9,12
412,108,2024/04/17 11:38 AM,3,4
413,423,2024/03/02 08:21 PM,9,10
414,415,2024/02/22 10:33 AM,11,26
415,398,2024/04/26 04:30 PM,6,29
416,122,2024/03/11 07:58 PM,2,13
417,327,2024/02/21 10:39 AM,5,21
418,153,2024/04/22 03:04 PM,12,23
419,204,2024/02/28 09:05 AM,0,13
420,16,2024/04/15 05:55 AM,1,11
421,489,2024/03/19 01:49 PM,1,19
422,225,2024/02/16 03:22 AM,1,16
423,526,2024/02/26 02:03 PM,10,2
424,107,2024/03/04 01:32 PM,6,6
425,229,2024/03/31 06:32 PM,1,10
426,160,2024/03/26 08:26 PM,7,24
427,168,2024/02/24 05:18 AM,6,3
428,46,2024/03/12 01:07 AM,7,6
429,501,2024/04/26 09:22 PM,7,8
430,438,2024/04/11 07:49 AM,0,17
431,112,2024/03/07 10:11 PM,9,10
432,300,2024/04/13 10:55 AM,4,15
433,241,2024/02/25 05:20 PM,1,15
434,405,2024/04/03 05:55 PM,3,24
435,340,2024/03/24 09:56 PM,2,15
436,71,2024/04/29 08:52 AM,11,5
437,358,2024/04/09 12:04 PM,7,14
438,49,2024/04/11 08:28 PM,10,3
439,60,2024/04/20 05:52 AM,6,26
440,161,2024/02/20 09:47 AM,1,7
441,538,2024/04/17 02:18 AM,9,19
442,427,2024/04/28 12:40 AM,12,19
443,427,2024/04/08 10:24 PM,5,12
444,188,2024/03/09 05:52 PM,9,2
445,512,2024/03/22 12:20 PM,4,4
446,289,2024/04/19 02:00 PM,5,29
447,539,2024/04/05 01:02 PM,11,9
448,538,2024/03/15 01:34 PM,1,8
449,350,2024/03/29 08:43 PM,0,12
450,179,2024/03/16 12:38 AM,0,28
451,482,2024/02/16 04:52 PM,7,6
452,507,2024/04/12 06:26 AM,6,10
453,415,2024/04/13 07:57 AM,6,28
454,280,2024/04/03 03:42 PM,7,29
455,473,2024/03/23 06:43 AM,9,15
456,39,2024/04/05 01:17 PM,7,4
457,369,2024/02/17 05:08 AM,6,21
458,496,2024/04/05 04:57 AM,6,1
459,41,2024/02/22 07:19 AM,3,6
460,405,2024/03/11 11:01 AM,8,23
461,128,2024/04/20 09:23 PM,11,13
462,467,2024/03/08 06:31 PM,0,23
463,466,2024/04/19 09:29 AM,3,1
464,171,2024/03/03 02:10 PM,9,1
465,464,2024/03/29 11:50 AM,8,8
466,444,2024/04/23 11:26 AM,6,13
467,531,2024/02/18 11:45 AM,9,26
468,527,2024/03/31 06:30 AM,10,27
469,20,2024/04/30 01:08 AM,10,4
470,281,2024/04/07 04:49 AM,3,17
471,268,2024/04/20 04:26 AM,3,13
472,300,2024/04/03 11:28 AM,5,7
473,268,2024/04/04 02:32 AM,2,29
474,58,2024/03/14 02:09 PM,6,23
475,436,2024/03/25 04:43 PM,8,2
476,250,2024/03/02 08:49 AM,10,11
477,403,2024/02/22 07:35 AM,7,15
478,161,2024/03/01 12:30 PM,5,11
479,270,2024/03/05 05:36 PM,11,10
480,317,2024/04/25 05:54 PM,0,28
481,508,2024/02/28 05:34 PM,4,13
482,5,2024/02/29 02:28 PM,12,27
483,438,2024/03/12 12:51 AM,4,14
484,59,2024/04/14 04:29 AM,4,21
485,491,2024/04/24 05:51 AM,0,8
486,186,2024/04/07 07:02 PM,10,26
487,52,2024/03/04 11:59 AM,8,27
488,27,2024/04/16 08:01 AM,12,4
489,531,2024/04/25 06:04 AM,9,24
490,133,2024/04/03 09:37 PM,10,4
491,65,2024/03/13 04:19 PM,11,8
492,476,2024/04/21 11:07 PM,2,16
493,134,2024/04/23 02:48 PM,11,19
494,514,2024/02/20 04:36 AM,4,3
495,35,2024/04/19 02:42 PM,4,3
496,196,2024/03/11 12:53 AM,11,26
497,97,2024/03/12 07:38 AM,5,8
498,5,2024/03/03 05:40 AM,4,11
499,514,2024/04/11 05:16 AM,5,4
500,38,2024/04/26 01:59 PM,9,6
501,539,2024/02/28 10:50 PM,1,3
502,63,2024/03/22 10:57 AM,8,28
503,343,2024/04/21 08:39 AM,1,11
504,97,2024/04/28 06:47 PM,8,19
505,9,2024/03/17 07:22 AM,12,3
506,164,2024/03/04 06:35 PM,10,29
507,453,2024/02/22 08:04 AM,1,29
508,214,2024/03/30 09:33 AM,2,14
509,319,2024/03/04 02:02 PM,7,29
510,88,2024/04/28 04:58 AM,7,27
511,214,2024/02/15 09:56 PM,6,13
512,520,2024/04/19 08:00 PM,7,27
513,68,2024/04/21 12:48 PM,0,5
514,385,2024/04/17 04:25 PM,0,16
515,33,2024/03/27 04:28 PM,9,5
516,272,2024/04/03 08:58 AM,11,13
517,162,2024/03/13 09:51 PM,12,9
518,152,2024/04/10 01:16 AM,1,2
519,227,2024/02/24 07:23 AM,10,8
520,227,2024/02/29 11:25 PM,10,21
521,247,2024/04/11 11:05 AM,9,8
522,130,2024/04/16 10:43 PM,0,17
523,164,2024/03/26 09:24 PM,11,13
524,127,2024/04/26 05:15 AM,7,19
525,50,2024/02/15 09:18 PM,7,20
526,462,2024/03/31 10:19 AM,2,3
527,274,2024/02/22 09:18 PM,1,29
528,95,2024/04/01 09:08 AM,3,29
529,3,2024/04/17 05:43 PM,3,7
530,194,2024/04/24 01:49 AM,12,2
531,452,2024/03/13 12:02 PM,4,1
532,521,2024/04/16 10:55 PM,0,23
533,469,2024/02/20 04:17 AM,0,3
534,458,2024/04/26 08:34 PM,7,8
535,415,2024/02/20 11:41 PM,3,9
536,432,2024/03/16 04:21 PM,11,21
537,93,2024/02/16 02:53 PM,0,28
538,54,2024/04/27 04:00 PM,6,6
539,81,2024/03/20 09:40 AM,3,5
540,281,2024/02/19 09:50 AM,2,20
541,267,2024/03/23 02:03 PM,10,4
542,24,2024/03/24 03:04 PM,10,24
543,442,2024/04/28 07:34 PM,10,11
544,316,2024/04/10 12:29 PM,8,25
545,473,2024/04/16 04:58 PM,5,7
546,41,2024/02/24 11:24 PM,1,24
547,481,2024/03/04 05:38 AM,4,9
548,492,2024/04/04 08:19 AM,10,8
549,115,2024/02/19 02:19 AM,2,16
550,55,2024/03/04 04:30 PM,3,11
551,43,2024/02/25 12:23 PM,0,19
552,527,2024/03/10 04:35 AM,2,26
553,143,2024/03/16 01:11 AM,5,23
554,428,2024/03/08 11:34 PM,8,24
555,99,2024/03/01 04:53 PM,2,29
556,265,2024/02/25 04:44 AM,10,26
557,273,2024/04/26 08:50 PM,0,26
558,223,2024/03/26 06:11 AM,10,12
559,391,2024/04/01 04:06 AM,4,7
560,174,2024/04/16 08:05 PM,8,11
561,501,2024/04/04 08:18 PM,0,17
562,537,2024/03/28 01:11 PM,7,12
563,374,2024/03/13 03:10 PM,8,6
564,8,2024/02/21 05:02 AM,11,28
565,477,2024/03/28 12:06 PM,5,17
566,288,2024/03/08 10:12 AM,11,3
567,1,2024/04/10 02:10 AM,12,12
568,279,2024/04/18 03:16 AM,9,16
569,17,2024/03/18 12:29 AM,4,9
570,393,2024/02/26 12:23 PM,10,13
571,406,2024/04/26 02:25 AM,6,24
572,495,2024/02/22 04:48 PM,6,14
573,338,2024/02/17 03:37 AM,1,19
574,537,2024/02/23 07:08 AM,1,18
575,205,2024/03/19 05:12 PM,4,4
576,101,2024/04/23 04:21 PM,9,3
577,223,2024/02/23 08:10 AM,6,3
578,385,2024/04/08 08:34 PM,3,25
579,109,2024/02/19 04:03 AM,0,4
580,99,2024/02/19 01:41 AM,9,2
581,334,2024/02/21 06:19 AM,10,1
582,294,2024/04/18 04:00 AM,6,15
583,480,2024/04/02 11:24 AM,6,26
584,371,2024/03/16 08:13 PM,12,23
585,224,2024/03/16 09:28 PM,9,1
586,283,2024/03/15 09:43 PM,3,15
587,269,2024/03/04 09:51 PM,6,23
588,115,2024/03/04 09:53 AM,9,26
589,17,2024/03/12 12:57 AM,4,28
590,70,2024/04/15 10:01 PM,12,14
591,87,2024/02/27 07:28 PM,8,12
592,190,2024/02/28 09:40 AM,6,25
593,18,2024/04/09 02:01 AM,7,2
594,243,2024/03/18 01:46 PM,3,26
595,452,2024/03/22 05:16 AM,8,26
596,2,2024/03/10 02:28 AM,3,22
597,539,2024/03/30 06:22 AM,3,22
598,224,2024/03/03 07:03 PM,4,28
599,253,2024/03/31 09:51 AM,12,25
600,502,2024/04/25 04:49 PM,11,2
601,53,2024/04/28 12:52 PM,12,12
602,55,2024/02/28 10:52 PM,11,22
603,357,2024/03/08 08:21 PM,0,22
604,358,2024/03/27 01:47 PM,5,10
605,438,2024/03/10 04:05 AM,5,12
606,105,2024/04/22 04:34 AM,5,18
607,18,2024/02/28 12:02 PM,1,7
608,405,2024/03/25 04:15 AM,4,20
609,334,2024/03/15 01:05 AM,5,4
610,442,2024/02/24 05:38 PM,4,8
611,232,2024/04/18 09:11 PM,3,9
612,373,2024/03/02 03:49 PM,0,10
613,395,2024/03/04 03:53 PM,6,3
614,496,2024/03/26 03:25 PM,9,28
615,62,2024/04/05 12:44 AM,2,9
616,259,2024/03/29 11:21 AM,7,18
617,122,2024/04/29 06:07 AM,6,8
618,431,2024/04/28 09:22 AM,11,1
619,25,2024/03/05 08:18 AM,12,15
620,355,2024/03/20 03:21 PM,11,20
621,445,2024/04/02 12:45 PM,9,1
622,523,2024/04/16 09:41 PM,3,16
623,183,2024/02/28 09:08 AM,7,20
624,242,2024/02/22 07:28 PM,8,6
625,307,2024/04/11 09:18 PM,5,8
626,460,2024/03/06 06:51 PM,0,1
627,457,2024/03/25 12:41 AM,3,3
628,221,2024/03/31 10:59 PM,5,25
629,151,2024/04/02 02:32 AM,8,14
630,224,2024/03/11 07:23 PM,6,3
631,523,2024/03/31 08:48 PM,4,28
632,12,2024/04/08 09:17 PM,0,28
633,280,2024/04/26 12:31 PM,1,24
634,175,2024/03/01 09:57 AM,1,9
635,302,2024/04/15 04:17 PM,6,9
636,50,2024/02/21 10:30 PM,8,12
637,108,2024/04/03 08:52 AM,9,12
638,81,2024/03/05 04:45 AM,3,20
639,88,2024/03/27 04:31 AM,6,13
640,89,2024/03/08 04:50 PM,11,6
641,535,2024/03/03 09:01 PM,6,15
642,508,2024/02/26 05:03 AM,12,3
643,256,2024/03/16 02:55 PM,9,19
644,434,2024/02/29 02:49 AM,8,19
645,189,2024/03/27 11:39 PM,6,10
646,529,2024/03/24 02:47 PM,4,7
647,119,2024/04/13 05:09 AM,5,1
648,250,2024/03/30 07:01 PM,7,18
649,160,2024/04/04 08:05 AM,3,20
650,261,2024/02/27 02:21 PM,1,1
651,500,2024/03/09 02:27 AM,3,13
652,399,2024/04/28 06:52 PM,9,2
653,222,2024/04/07 01:36 PM,12,27
654,505,2024/04/16 07:58 AM,12,25
655,497,2024/03/06 11:54 AM,2,26
656,26,2024/04/17 05:05 PM,2,11
657,18,2024/04/02 10:11 PM,2,1
658,496,2024/04/19 06:48 PM,8,16
659,107,2024/03/22 02:57 AM,0,18
660,451,2024/04/01 03:18 AM,7,21
661,253,2024/04/22 12:50 PM,0,15
662,422,2024/03/27 10:30 PM,12,15
663,380,2024/04/14 02:13 PM,7,19
664,3,2024/03/14 02:53 AM,4,14
665,119,2024/03/07 11:07 PM,6,29
666,486,2024/04/09 04:23 PM,8,1
667,43,2024/04/05 05:31 PM,0,20
668,256,2024/02/21 04:02 PM,7,2
669,512,2024/03/11 02:07 PM,1,24
670,420,2024/03/24 02:53 PM,7,5
671,525,2024/03/21 03:50 AM,12,16
672,227,2024/03/09 08:37 AM,5,11
673,366,2024/02/19 01:41 AM,4,5
674,177,2024/04/12 11:22 PM,0,8
675,368,2024/02/19 02:20 AM,11,18
676,485,2024/03/17 11:11 AM,5,18
677,248,2024/02/20 08:17 AM,4,25
678,130,2024/04/27 10:03 PM,1,6
679,161,2024/03/08 04:34 PM,5,28
680,454,2024/04/29 08:06 AM,1,20
681,226,2024/03/05 01:17 AM,7,23
682,62,2024/04/10 04:19 AM,4,15
683,293,2024/02/15 05:35 PM,1,24
684,373,2024/04/11 12:37 PM,5,9
685,428,2024/02/20 04:44 AM,10,22
686,380,2024/03/13 01:11 AM,2,21
687,253,2024/03/23 02:09 AM,10,11
688,203,2024/03/08 08:47 PM,2,5
689,216,2024/03/18 05:29 AM,8,2
690,413,2024/03/15 11:40 AM,11,2
691,341,2024/03/07 03:07 AM,1,2
692,462,2024/04/05 12:03 PM,10,1
693,339,2024/03/24 01:48 PM,0,12
694,279,2024/04/25 07:05 AM,2,6
695,540,2024/04/28 05:58 PM,4,22
696,68,2024/04/15 06:10 AM,6,1
697,375,2024/03/29 11:40 PM,7,23
698,397,2024/04/21 06:23 PM,4,22
699,456,2024/04/23 04:33 PM,7,20
700,157,2024/02/18 04:10 AM,5,26
701,86,2024/04/13 01:45 AM,11,14
702,172,2024/03/13 04:49 PM,10,24
703,355,2024/03/31 05:15 AM,2,18
704,215,2024/04/05 09:30 AM,7,8
705,394,2024/04/21 12:16 PM,12,14
706,265,2024/03/06 07:26 AM,12,15
707,302,2024/03/26 03:52 PM,6,19
708,314,2024/02/29 11:35 AM,9,21
709,509,2024/03/29 06:06 PM,5,25
710,494,2024/03/20 12:55 PM,8,10
711,28,2024/04/26 12:26 PM,12,18
712,534,2024/04/19 10:31 PM,5,11
713,242,2024/04/05 02:05 PM,0,12
714,389,2024/04/28 02:40 AM,9,5
715,418,2024/04/15 01:15 AM,10,25
716,82,2024/02/20 06:20 PM,4,10
717,150,2024/04/04 07:25 PM,1,13
718,383,2024/04/01 01:39 AM,0,7
719,165,2024/04/16 10:11 PM,7,14
720,119,2024/02/25 04:09 PM,9,28
721,53,2024/04/05 08:45 PM,7,7
722,471,2024/03/14 01:06 PM,11,10
723,428,2024/02/23 05:34 AM,2,27
724,217,2024/03/11 12:11 PM,0,10
725,332,2024/02/22 01:43 AM,8,23
726,102,2024/04/07 10:44 AM,5,3
727,122,2024/04/17 02:06 PM,1,20
728,51,2024/03/06 08:17 AM,5,13
729,427,2024/04/22 10:13 PM,8,8
730,356,2024/04/24 03:03 PM,1,16
731,232,2024/03/01 06:12 AM,11,21
732,186,2024/02/21 06:22 PM,3,18
733,250,2024/03/04 01:59 AM,10,17
734,234,2024/02/17 04:17 AM,12,21
735,92,2024/02/27 12:52 AM,3,7
736,212,2024/04/28 03:43 PM,5,4
737,270,2024/03/03 07:36 AM,7,24
738,458,2024/04/20 06:52 AM,2,28
739,143,2024/03/05 11:11 PM,0,18
740,335,2024/04/07 02:37 PM,3,2
741,422,2024/02/20 08:03 PM,2,21
742,340,2024/04/18 08:54 AM,9,10
743,324,2024/04/29 09:00 PM,10,12
744,390,2024/02/28 03:39 AM,8,19
745,27,2024/02/20 12:06 PM,2,1
746,136,2024/02/22 03:36 PM,0,2
747,485,2024/04/13 02:26 PM,11,15
748,349,2024/02/17 04:40 AM,7,3
749,515,2024/03/12 12:00 AM,5,20
750,405,2024/03/11 01:59 AM,12,5
751,417,2024/03/08 05:55 PM,6,21
752,122,2024/03/06 12:35 PM,12,12
753,206,2024/04/25 03:49 AM,2,26
754,14,2024/04/21 10:59 PM,8,13
755,319,2024/04/06 01:26 AM,4,1
756,157,2024/03/29 02:32 AM,6,28
757,23,2024/04/09 09:09 PM,10,15
758,232,2024/04/10 12:08 AM,10,19
759,289,2024/04/19 09:00 AM,8,21
760,165,2024/02/21 09:41 PM,3,15
761,84,2024/02/25 05:30 AM,11,20
762,199,2024/03/17 03:11 AM,0,8
763,293,2024/03/22 04:00 PM,2,19
764,47,2024/04/25 11:25 PM,2,26
765,500,2024/04/12 01:59 AM,5,16
766,402,2024/03/13 07:52 AM,10,15
767,87,2024/03/15 08:11 AM,6,11
768,102,2024/02/28 11:11 PM,5,26
769,72,2024/03/05 05:41 AM,8,17
770,259,2024/04/13 11:44 PM,7,13
771,282,2024/02/23 10:27 PM,12,23
772,204,2024/03/18 04:24 AM,11,2
773,425,2024/02/26 11:37 PM,7,9
774,439,2024/02/28 01:19 PM,6,19
775,496,2024/04/26 08:31 AM,5,8
776,353,2024/03/05 07:31 AM,9,21
777,416,2024/04/21 10:36 PM,10,17
778,154,2024/02/29 11:30 AM,8,11
779,411,2024/03/25 11:55 AM,4,16
780,297,2024/04/25 04:54 AM,1,25
781,144,2024/03/20 11:42 PM,4,23
782,271,2024/03/28 12:24 PM,4,20
783,293,2024/02/26 04:13 PM,5,17
784,467,2024/04/08 10:20 AM,5,9
785,394,2024/04/01 03:24 PM,12,17
786,528,2024/04/22 04:48 AM,7,8
787,123,2024/04/03 04:37 PM,12,9
788,9,2024/04/24 05:24 AM,5,21
789,70,2024/03/31 10:17 AM,11,24
790,89,2024/03/22 02:53 PM,1,26
791,447,2024/03/17 03:50 PM,12,9
792,193,2024/02/22 10:59 AM,5,15
793,203,2024/02/20 08:16 AM,7,3
794,269,2024/04/06 07:40 PM,11,6
795,453,2024/03/13 05:00 AM,1,10
796,246,2024/04/01 09:20 AM,5,14
797,27,2024/03/01 07:38 PM,9,7
798,391,2024/03/15 03:09 AM,6,26
799,323,2024/02/17 03:45 PM,10,3
800,422,2024/02/17 06:57 PM,8,1
801,378,2024/04/17 06:45 AM,7,20
802,48,2024/04/24 06:06 AM,5,18
803,400,2024/03/19 06:00 PM,1,9
804,90,2024/04/03 03:00 PM,3,8
805,398,2024/03/29 11:27 AM,7,2
806,216,2024/03/18 10:04 PM,12,7
807,143,2024/03/31 06:22 PM,0,26
808,57,2024/03/08 12:29 PM,6,24
809,239,2024/03/28 09:37 AM,0,25
810,506,2024/03/27 03:53 PM,11,10
811,294,2024/04/11 07:32 AM,5,28
812,169,2024/02/15 04:24 PM,0,17
813,320,2024/02/24 11:12 AM,11,17
814,155,2024/03/07 09:23 AM,9,7
815,30,2024/02/15 04:29 PM,0,12
816,152,2024/03/16 10:12 AM,4,5
817,384,2024/04/02 05:11 AM,6,8
818,95,2024/02/16 06:59 AM,11,23
819,69,2024/02/17 04:37 PM,10,29
820,453,2024/04/01 11:26 PM,7,16
821,177,2024/04/24 02:39 AM,6,9
822,58,2024/03/11 10:45 PM,0,26
823,427,2024/02/24 04:54 PM,12,6
824,452,2024/02/27 03:44 AM,10,12
825,1,2024/03/21 03:59 AM,8,24
826,491,2024/04/08 12:26 AM,0,22
827,315,2024/03/09 11:15 AM,1,22
828,338,2024/04/14 07:40 PM,6,8
829,535,2024/03/13 10:23 PM,11,1
830,96,2024/03/31 09:08 PM,2,2
831,510,2024/02/26 06:21 PM,6,10
832,324,2024/02/23 02:56 PM,10,5
833,13,2024/02/20 01:49 PM,6,20
834,453,2024/03/15 12:00 PM,7,11
835,143,2024/04/16 01:13 AM,5,15
836,171,2024/03/07 09:53 PM,4,1
837,176,2024/03/05 12:51 PM,10,13
838,220,2024/04/07 08:08 PM,6,24
839,416,2024/04/07 11:43 AM,9,10
840,200,2024/04/15 03:06 PM,2,12
841,491,2024/03/28 02:18 PM,6,24
842,341,2024/04/25 08:33 AM,5,24
843,321,2024/04/28 02:24 PM,11,14
844,88,2024/04/17 09:17 AM,3,5
845,44,2024/03/15 03:25 AM,12,14
846,128,2024/04/24 09:13 AM,0,7
847,427,2024/04/12 09:26 PM,0,24
848,132,2024/03/24 02:35 AM,3,20
849,442,2024/03/22 11:39 AM,8,28
850,38,2024/04/19 12:56 AM,4,13
851,77,2024/02/23 06:34 PM,12,20
852,312,2024/04/19 05:33 AM,7,14
853,39,2024/04/24 08:21 AM,7,21
854,83,2024/02/16 03:53 PM,4,19
855,226,2024/02/20 04:16 AM,0,21
856,141,2024/04/06 11:16 AM,8,12
857,68,2024/04/24 01:23 AM,3,25
858,293,2024/03/08 08:45 PM,2,4
859,412,2024/03/21 05:02 AM,5,8
860,535,2024/04/15 03:52 AM,8,5
861,70,2024/04/08 11:08 AM,1,11
862,187,2024/04/16 11:38 PM,8,24
863,217,2024/04/09 02:34 PM,10,23
864,497,2024/04/12 11:15 AM,11,3
865,389,2024/03/02 04:10 PM,11,9
866,467,2024/02/27 12:45 AM,3,10
867,281,2024/03/20 02:04 AM,4,1
868,86,2024/04/06 08:20 PM,11,21
869,353,2024/03/10 01:27 PM,5,16
870,103,2024/02/19 07:39 PM,9,29
871,442,2024/03/22 02:19 AM,1,23
872,13,2024/03/27 05:53 AM,6,25
873,342,2024/03/09 08:02 AM,10,10
874,270,2024/03/07 11:56 AM,9,4
875,287,2024/04/24 04:38 PM,3,14
876,85,2024/02/18 04:38 PM,2,12
877,271,2024/04/22 06:17 PM,2,1
878,22,2024/02/23 04:43 AM,8,16
879,222,2024/02/25 09:41 AM,7,11
880,39,2024/03/25 11:31 AM,2,14
881,337,2024/03/01 06:55 AM,8,16
882,201,2024/04/29 08:20 PM,8,28
883,5,2024/04/14 01:15 PM,0,11
884,47,2024/04/05 01:35 AM,11,1
885,2,2024/02/17 02:29 PM,2,21
886,253,2024/03/27 06:19 PM,3,28
887,6,2024/03/17 06:30 AM,0,16
888,288,2024/04/17 06:16 PM,12,25
889,478,2024/03/18 04:43 PM,3,24
890,155,2024/02/29 06:03 PM,0,25
891,490,2024/04/22 03:48 PM,7,27
892,192,2024/04/16 05:56 AM,0,27
893,251,2024/02/15 11:10 PM,0,6
894,414,2024/04/27 09:31 PM,5,14
895,439,2024/03/08 05:43 AM,12,15
896,289,2024/03/15 04:22 AM,2,4
897,472,2024/04/16 12:43 AM,3,17
898,251,2024/04/02 02:50 AM,5,22
899,414,2024/04/06 01:44 PM,12,7
900,393,2024/04/29 01:22 PM,9,13
901,75,2024/03/09 02:39 PM,7,3
902,27,2024/04/06 06:26 PM,5,18
903,62,2024/04/04 03:25 PM,11,6
904,18,2024/04/27 07:36 AM,11,19
905,353,2024/04/29 08:18 AM,4,28
906,308,2024/04/16 07:13 AM,11,11
907,265,2024/04/19 03:07 AM,10,3
908,333,2024/03/31 10:33 PM,0,18
909,68,2024/04/26 07:22 AM,5,17
910,238,2024/04/22 02:31 AM,5,21
911,494,2024/04/08 04:30 PM,8,19
912,344,2024/04/06 05:41 PM,8,13
913,476,2024/03/15 11:15 AM,8,12
914,57,2024/04/14 07:24 PM,6,16
915,495,2024/03/18 11:33 PM,8,14
916,61,2024/03/09 06:07 PM,7,12
917,167,2024/02/28 10:25 PM,10,23
918,243,2024/03/14 10:39 AM,11,12
919,353,2024/03/01 01:43 AM,11,29
920,77,2024/04/29 06:43 PM,2,7
921,206,2024/02/19 08:16 AM,1,12
922,307,2024/02/24 10:15 PM,7,14
923,131,2024/04/10 11:26 PM,7,25
924,205,2024/03/15 04:21 PM,3,11
925,35,2024/04/21 08:26 PM,10,24
926,540,2024/03/02 11:13 AM,8,24
927,206,2024/03/07 11:54 PM,12,11
928,321,2024/02/17 05:12 PM,8,20
929,244,2024/04/25 07:51 PM,10,11
930,416,2024/02/29 07:51 PM,0,12
931,292,2024/03/19 08:31 AM,10,9
932,490,2024/03/10 05:06 PM,0,4
933,372,2024/02/26 06:41 AM,1,19
934,137,2024/03/02 10:49 AM,10,27
935,205,2024/03/12 01:48 AM,9,15
936,223,2024/03/14 12:26 AM,10,7
937,267,2024/04/14 06:02 AM,0,5
938,208,2024/03/09 03:26 PM,5,12
939,7,2024/03/28 08:16 AM,1,13
940,452,2024/03/22 10:18 AM,12,14
941,75,2024/02/27 01:12 PM,8,17
942,198,2024/03/01 01:24 PM,1,15
943,472,2024/03/17 04:17 PM,9,20
944,158,2024/02/17 08:53 PM,12,11
945,170,2024/02/29 05:52 AM,8,4
946,169,2024/04/19 04:39 PM,8,12
947,477,2024/03/10 12:20 AM,5,6
948,9,2024/02/16 02:10 PM,12,23
949,262,2024/02/26 01:45 PM,10,8
950,513,2024/03/08 12:53 AM,9,5
951,493,2024/03/04 02:20 PM,4,7
952,206,2024/04/29 08:23 PM,2,6
953,33,2024/03/24 12:01 PM,1,5
954,463,2024/03/30 11:28 AM,0,9
955,68,2024/04/10 03:35 AM,7,25
956,334,2024/04/07 11:53 AM,6,2
957,532,2024/03/06 01:08 AM,1,27
958,502,2024/03/12 06:53 AM,7,22
959,203,2024/02/21 01:59 PM,7,6
960,444,2024/04/18 04:50 AM,6,17
961,110,2024/02/21 08:13 AM,5,8
962,38,2024/03/31 11:45 PM,1,6
963,55,2024/04/29 01:07 AM,6,28
964,393,2024/04/02 05:44 AM,9,11
965,502,2024/04/01 10:38 PM,1,29
966,110,2024/03/02 02:59 PM,1,5
967,486,2024/04/03 04:48 AM,2,1
968,230,2024/04/23 02:07 AM,10,3
969,338,2024/04/25 06:10 AM,3,14
970,485,2024/02/23 03:52 AM,1,25
971,222,2024/02/20 11:54 AM,5,26
972,487,2024/03/18 02:17 AM,7,27
973,438,2024/04/14 03:09 AM,3,15
974,507,2024/04/12 06:03 AM,7,12
975,81,2024/04/21 01:26 PM,11,2
976,492,2024/04/14 04:04 PM,6,5
977,179,2024/03/24 06:23 AM,3,22
978,90,2024/02/17 11:40 PM,5,16
979,205,2024/04/23 05:20 AM,2,27
980,66,2024/03/25 01:34 AM,7,5
981,401,2024/04/13 08:54 PM,9,9
982,538,2024/03/09 01:34 AM,12,23
983,506,2024/04/22 01:56 PM,4,3
984,52,2024/02/29 06:18 PM,4,28
985,72,2024/03/23 11:37 AM,4,6
986,455,2024/02/21 04:30 PM,8,12
987,304,2024/02/28 05:53 PM,7,7
988,78,2024/04/22 11:22 AM,7,24
989,464,2024/03/14 06:46 PM,9,20
990,232,2024/02/26 06:34 AM,5,16
991,470,2024/04/11 02:40 AM,9,29
992,295,2024/04/27 05:55 AM,4,25
993,409,2024/02/25 05:28 PM,3,1
994,205,2024/04/11 08:59 AM,4,12
995,91,2024/03/10 08:23 AM,11,24
996,321,2024/04/27 04:36 AM,8,27
997,54,2024/03/25 06:39 AM,8,15
998,397,2024/03/19 01:30 AM,7,25
999,114,2024/03/03 12:54 PM,6,19
1000,375,2024/03/21 07:05 PM,5,23
1001,445,2024/04/03 06:43 PM,8,22
1002,172,2024/04/28 09:15 PM,9,15
1003,145,2024/03/21 03:23 AM,7,29
1004,27,2024/02/21 10:35 AM,8,11
1005,511,2024/03/14 02:02 PM,0,17
1006,259,2024/04/20 06:45 AM,12,14
1007,348,2024/02/26 05:35 PM,6,3
1008,24,2024/04/28 12:50 AM,6,28
1009,230,2024/03/15 09:33 PM,10,8
1010,524,2024/04/03 04:40 PM,8,22
1011,440,2024/03/29 01:23 PM,3,5
1012,105,2024/04/17 01:56 PM,9,7
1013,145,2024/02/18 08:36 PM,5,3
1014,525,2024/03/07 06:54 AM,3,9
1015,436,2024/03/15 08:47 AM,5,24
1016,401,2024/03/25 06:07 AM,11,25
1017,83,2024/03/03 11:16 PM,0,14
1018,271,2024/04/26 01:26 PM,7,12
1019,432,2024/03/20 01:11 AM,6,12
1020,520,2024/03/13 01:48 AM,2,20
1021,311,2024/03/12 03:15 PM,2,1
1022,461,2024/03/17 02:16 AM,9,8
1023,3,2024/04/26 07:09 AM,5,28
1024,146,2024/03/09 09:58 AM,10,17
1025,291,2024/04/02 12:23 AM,2,6
1026,426,2024/02/25 11:32 PM,10,22
1027,394,2024/04/03 04:07 PM,9,21
1028,8,2024/03/02 08:30 AM,7,11
1029,249,2024/03/03 09:33 PM,1,17
1030,186,2024/02/17 02:54 AM,11,9
1031,406,2024/03/01 06:53 AM,11,20
1032,257,2024/02/18 09:09 AM,11,16
1033,338,2024/02/25 01:25 AM,12,7
1034,332,2024/04/03 12:25 AM,6,25
1035,133,2024/03/02 06:53 PM,1,19
1036,299,2024/04/26 06:24 AM,2,22
1037,480,2024/03/25 10:59 AM,5,26
1038,68,2024/03/14 12:16 AM,7,9
1039,151,2024/04/28 09:41 PM,12,17
1040,227,2024/03/16 03:31 PM,8,22
1041,248,2024/03/20 10:23 PM,9,18
1042,331,2024/04/17 07:32 PM,1,13
1043,317,2024/03/09 01:23 AM,4,14
1044,307,2024/02/19 03:46 PM,10,26
1045,195,2024/04/01 08:27 AM,6,5
1046,198,2024/03/04 02:15 PM,2,11
1047,302,2024/04/07 08:27 PM,3,6
1048,86,2024/03/26 03:17 PM,8,3
1049,420,2024/03/26 04:08 AM,9,2
1050,440,2024/04/05 08:33 AM,7,24
1051,401,2024/04/28 12:49 AM,11,14
1052,355,2024/03/18 03:51 PM,10,5
1053,192,2024/03/16 08:44 AM,6,2
1054,437,2024/03/20 06:39 PM,0,24
1055,368,2024/04/06 03:53 PM,5,19
1056,440,2024/02/21 05:09 AM,10,27
1057,507,2024/04/02 11:28 PM,12,29
1058,403,2024/04/12 02:56 PM,11,6
1059,208,2024/03/27 12:37 AM,1,16
1060,158,2024/03/16 08:42 AM,6,14
1061,491,2024/04/23 03:07 PM,1,23
1062,10,2024/03/02 07:02 PM,1,22
1063,479,2024/04/01 05:25 PM,2,1
1064,69,2024/04/28 07:03 PM,12,1
1065,136,2024/04/20 01:49 AM,0,21
1066,140,2024/02/29 07:04 PM,2,1
1067,408,2024/04/17 12:10 AM,2,13
1068,517,2024/03/02 08:08 PM,4,14
1069,57,2024/03/10 02:55 PM,6,24
1070,502,2024/03/27 07:56 AM,1,23
1071,111,2024/04/23 07:33 PM,2,21
1072,95,2024/03/14 06:48 AM,5,21
1073,295,2024/04/24 08:14 AM,4,19
1074,39,2024/03/19 02:15 PM,10,17
1075,485,2024/03/29 11:50 AM,12,11
1076,13,2024/03/13 01:57 AM,3,20
1077,161,2024/04/11 12:01 PM,7,11
1078,474,2024/04/08 09:46 AM,0,4
1079,424,2024/03/14 03:04 PM,9,16
1080,447,2024/03/14 09:41 AM,2,9
1081,468,2024/02/25 10:55 PM,11,27
1082,359,2024/03/26 03:09 AM,12,29
1083,447,2024/03/07 07:22 PM,12,6
1084,519,2024/04/08 11:56 PM,7,1
1085,77,2024/03/22 09:06 AM,11,2
1086,211,2024/04/28 01:21 AM,6,16
1087,269,2024/03/02 04:46 PM,12,18
1088,412,2024/03/03 08:44 AM,5,4
1089,179,2024/02/28 02:11 AM,4,9
1090,529,2024/04/13 11:15 PM,5,3
1091,60,2024/02/19 09:13 PM,1,3
1092,34,2024/03/23 09:46 AM,6,4
1093,235,2024/04/01 12:07 AM,5,14
1094,157,2024/03/06 04:03 PM,2,29
1095,193,2024/03/30 04:29 AM,12,2
1096,522,2024/04/12 05:25 AM,8,11
1097,136,2024/04/13 06:38 AM,9,20
1098,486,2024/03/10 11:01 PM,8,4
1099,231,2024/02/24 10:05 AM,7,9
1100,427,2024/03/09 06:45 PM,9,14
1101,488,2024/04/06 02:08 PM,9,24
1102,425,2024/03/08 01:07 AM,3,29
1103,361,2024/03/11 11:33 AM,11,19
1104,184,2024/02/15 06:23 PM,7,25
1105,293,2024/04/06 01:10 PM,5,15
1106,358,2024/03/31 08:02 PM,8,12
1107,229,2024/04/18 05:49 PM,1,12
1108,190,2024/02/20 02:55 PM,3,22
1109,73,2024/03/31 08:39 PM,3,11
1110,506,2024/03/11 12:06 PM,0,11
1111,124,2024/03/02 07:02 PM,0,25
1112,104,2024/04/13 10:59 AM,11,17
1113,19,2024/02/27 06:46 PM,10,29
1114,303,2024/03/29 02:52 AM,6,13
1115,53,2024/02/19 11:43 AM,0,21
1116,508,2024/04/24 01:13 PM,5,11
1117,89,2024/04/09 09:14 AM,7,24
1118,535,2024/03/27 05:45 AM,1,28
1119,220,2024/03/27 09:20 PM,9,13
1120,375,2024/03/13 11:40 AM,0,2
1121,160,2024/04/17 10:09 AM,7,22
1122,35,2024/03/02 04:30 AM,2,20
1123,60,2024/04/14 08:46 AM,2,2
1124,72,2024/03/09 07:38 PM,3,24
1125,286,2024/04/11 07:47 AM,6,8
1126,212,2024/04/20 09:07 AM,4,29
1127,253,2024/03/13 07:27 AM,11,19
1128,50,2024/03/22 06:32 PM,5,17
1129,400,2024/04/12 05:45 PM,7,8
1130,503,2024/03/25 05:04 PM,5,5
1131,404,2024/04/11 04:31 PM,0,15
1132,488,2024/04/29 04:46 PM,12,5
1133,257,2024/04/13 11:50 AM,10,23
1134,138,2024/03/03 09:11 AM,6,29
1135,350,2024/04/20 08:01 PM,7,23
1136,328,2024/04/18 01:06 PM,7,9
1137,536,2024/04/17 05:40 AM,1,2
1138,468,2024/02/17 02:24 PM,11,29
1139,139,2024/03/24 03:41 AM,12,20
1140,432,2024/04/20 04:23 AM,8,7
1141,464,2024/03/26 10:09 PM,5,5
1142,206,2024/02/28 04:54 PM,11,28
1143,333,2024/04/13 04:59 PM,8,3
1144,31,2024/04/21 10:55 AM,1,29
1145,292,2024/02/26 05:46 PM,7,16
1146,25,2024/03/20 01:59 PM,0,2
1147,385,2024/03/02 07:37 PM,6,26
1148,536,2024/03/22 11:11 PM,1,6
1149,226,2024/03/23 06:01 AM,10,3
1150,366,2024/03/15 07:48 AM,10,26
1151,217,2024/03/07 06:04 PM,3,3
1152,212,2024/04/10 10:14 PM,1,7
1153,317,2024/03/26 12:53 PM,7,9
1154,170,2024/03/04 10:38 AM,7,11
1155,232,2024/02/28 03:41 AM,8,19
1156,10,2024/02/15 07:09 PM,5,23
1157,411,2024/03/12 09:34 AM,6,7
1158,47,2024/03/02 02:06 AM,5,15
1159,31,2024/04/15 06:50 AM,2,27
1160,10,2024/04/25 06:30 AM,8,17
1161,85,2024/03/05 02:58 PM,6,1
1162,481,2024/03/19 12:01 PM,5,27
1163,133,2024/02/25 11:14 AM,7,11
1164,355,2024/02/24 06:49 PM,4,22
1165,506,2024/02/18 05:36 PM,8,23
1166,311,2024/03/26 06:11 AM,9,22
1167,515,2024/03/08 01:22 PM,4,5
1168,444,2024/02/29 06:42 PM,6,8
1169,245,2024/03/27 05:34 AM,9,7
1170,441,2024/02/20 07:15 AM,1,23
1171,323,2024/04/11 05:05 AM,6,2
1172,260,2024/04/29 07:12 PM,2,11
1173,156,2024/04/16 06:17 AM,5,26
1174,345,2024/03/30 07:41 PM,7,9
1175,349,2024/02/22 02:59 AM,5,12
1176,366,2024/03/21 01:59 PM,12,10
1177,464,2024/04/22 03:11 AM,11,21
1178,301,2024/04/25 09:09 PM,6,14
1179,341,2024/03/12 09:50 AM,10,1
1180,61,2024/03/18 04:22 AM,8,19
1181,190,2024/04/19 06:21 PM,4,16
1182,206,2024/02/26 06:52 PM,8,29
1183,449,2024/04/09 08:38 PM,12,17
1184,303,2024/03/16 01:06 AM,8,7
1185,116,2024/03/08 07:06 PM,4,1
1186,381,2024/04/11 08:39 PM,12,9
1187,337,2024/03/14 01:55 AM,4,28
1188,356,2024/03/31 10:43 PM,6,10
1189,239,2024/03/11 06:51 PM,4,8
1190,121,2024/03/20 03:26 AM,0,26
1191,110,2024/04/05 07:55 PM,5,15
1192,481,2024/03/30 08:59 AM,5,7
1193,226,2024/04/04 10:16 PM,3,4
1194,90,2024/04/09 11:01 PM,0,8
1195,132,2024/03/22 12:55 AM,8,4
1196,440,2024/03/20 02:40 PM,0,8
1197,400,2024/02/16 08:30 AM,2,14
1198,284,2024/03/04 11:18 PM,1,2
1199,70,2024/04/02 05:13 PM,1,25
1200,248,2024/03/04 05:56 AM,1,15
1201,394,2024/02/27 04:24 PM,3,22
1202,3,2024/04/12 04:20 PM,6,6
1203,356,2024/03/19 10:57 AM,12,14
1204,373,2024/02/27 03:54 AM,0,4
1205,252,2024/04/23 01:37 PM,9,4
1206,399,2024/03/13 12:19 AM,9,7
1207,267,2024/04/09 12:06 AM,10,12
1208,253,2024/02/28 03:39 AM,5,10
1209,379,2024/04/25 03:32 PM,3,12
1210,506,2024/03/17 12:54 PM,6,3
1211,333,2024/04/09 10:30 PM,8,19
1212,447,2024/03/30 01:53 PM,1,10
1213,68,2024/02/19 10:03 PM,3,3
1214,209,2024/04/08 09:21 AM,1,25
1215,325,2024/04/09 12:02 PM,0,11
1216,508,2024/02/26 10:20 AM,6,7
1217,94,2024/03/16 12:47 PM,9,26
1218,476,2024/04/04 02:54 AM,7,22
1219,333,2024/03/14 01:57 PM,8,8
1220,134,2024/03/09 07:47 PM,6,4
1221,277,2024/04/10 09:01 AM,7,27
1222,389,2024/03/05 01:10 PM,3,16
1223,382,2024/04/27 07:25 AM,7,14
1224,231,2024/04/29 12:12 PM,7,22
1225,221,2024/03/02 09:34 PM,0,23
1226,358,2024/04/14 01:28 PM,12,5
1227,15,2024/03/16 01:19 AM,0,5
1228,483,2024/03/29 11:46 AM,9,11
1229,403,2024/03/15 03:41 AM,9,7
1230,448,2024/02/29 07:28 PM,5,25
1231,453,2024/02/15 03:10 PM,11,22
1232,501,2024/02/26 05:57 PM,11,25
1233,317,2024/02/27 10:32 PM,6,17
1234,528,2024/04/16 06:19 AM,2,14
1235,200,2024/03/01 10:52 AM,7,16
1236,117,2024/04/03 06:31 PM,3,13
1237,393,2024/04/15 01:29 PM,4,1
1238,393,2024/03/23 12:17 PM,4,22
1239,116,2024/04/15 03:10 AM,10,22
1240,36,2024/03/03 02:49 AM,7,27
1241,103,2024/04/24 05:30 PM,11,23
1242,67,2024/04/25 07:33 AM,11,29
1243,134,2024/04/02 04:33 AM,12,18
1244,427,2024/03/04 08:56 AM,3,24
1245,17,2024/04/07 04:17 PM,0,19
1246,513,2024/02/19 07:14 AM,6,27
1247,54,2024/03/24 02:56 PM,4,24
1248,353,2024/03/14 01:18 AM,2,17
1249,536,2024/02/17 02:00 AM,2,11
1250,308,2024/04/07 12:15 PM,11,21
1251,178,2024/03/10 12:02 AM,2,8
1252,401,2024/03/24 05:19 PM,2,20
1253,35,2024/04/17 10:51 AM,0,9
1254,342,2024/03/03 02:45 AM,3,11
1255,522,2024/04/05 07:02 AM,1,25
1256,96,2024/04/17 02:21 PM,9,13
1257,372,2024/04/07 11:31 AM,11,26
1258,538,2024/03/26 10:09 PM,4,4
1259,110,2024/02/27 07:53 AM,7,17
1260,59,2024/04/27 10:32 PM,0,12
1261,94,2024/03/30 07:01 AM,2,15
1262,500,2024/03/02 10:05 PM,2,16
1263,100,2024/03/26 12:55 AM,12,23
1264,331,2024/03/11 12:43 AM,10,3
1265,246,2024/03/09 04:50 AM,7,17
1266,298,2024/04/06 04:09 PM,12,7
1267,142,2024/03/30 04:59 AM,1,19
1268,417,2024/04/10 09:46 AM,4,19
1269,244,2024/03/07 05:26 AM,12,8
1270,521,2024/04/13 06:22 AM,1,17
1271,293,2024/02/25 01:44 AM,3,22
1272,95,2024/02/19 10:46 PM,5,7
1273,37,2024/03/19 03:40 AM,6,16
1274,172,2024/02/20 01:32 AM,4,24
1275,433,2024/03/16 02:05 PM,12,2
1276,200,2024/04/06 12:08 PM,3,14
1277,489,2024/04/08 06:13 AM,0,15
1278,308,2024/02/23 11:33 AM,12,20
1279,356,2024/03/08 11:26 AM,3,19
1280,497,2024/04/29 03:45 PM,4,22
1281,72,2024/03/13 04:40 PM,9,24
1282,206,2024/03/14 04:05 PM,11,3
1283,85,2024/03/02 03:24 PM,10,11
1284,265,2024/02/27 10:58 AM,1,18
1285,355,2024/04/28 11:42 PM,11,21
1286,467,2024/03/08 09:17 AM,12,24
1287,149,2024/02/22 05:34 PM,10,24
1288,138,2024/03/27 10:29 PM,12,8
1289,231,2024/02/21 06:35 AM,1,27
1290,428,2024/02/29 01:39 PM,1,14
1291,29,2024/04/26 12:46 AM,5,6
1292,378,2024/02/25 06:36 PM,12,19
1293,537,2024/04/25 05:02 AM,4,22
1294,46,2024/03/07 01:21 AM,5,29
1295,107,2024/04/12 07:40 PM,0,26
1296,334,2024/04/15 08:32 AM,10,20
1297,394,2024/03/05 08:44 PM,3,21
1298,404,2024/03/17 07:10 PM,12,20
1299,174,2024/02/16 06:32 AM,6,24
1300,96,2024/04/26 08:12 PM,2,20
1301,103,2024/02/18 11:51 PM,3,9
1302,453,2024/02/26 11:00 AM,1,27
1303,450,2024/03/03 01:46 PM,0,4
1304,153,2024/03/18 09:59 AM,6,13
1305,72,2024/04/21 03:46 PM,9,5
1306,84,2024/04/10 02:52 AM,12,13
1307,334,2024/02/18 08:03 PM,6,25
1308,197,2024/02/25 11:31 AM,3,22
1309,221,2024/03/01 11:12 AM,0,11
1310,445,2024/03/03 10:35 AM,1,2
1311,89,2024/02/21 10:40 PM,4,28
1312,405,2024/04/24 09:54 PM,8,6
1313,231,2024/02/29 12:11 PM,1,18
1314,58,2024/04/15 04:15 AM,1,18
1315,355,2024/03/19 07:47 PM,11,4
1316,134,2024/04/19 12:41 AM,6,24
1317,282,2024/03/18 07:22 AM,7,10
1318,252,2024/03/04 07:46 PM,12,6
1319,107,2024/03/23 04:16 PM,8,1
1320,107,2024/03/02 02:20 PM,4,21
1321,257,2024/03/01 05:39 AM,1,9
1322,333,2024/03/10 11:51 AM,0,25
1323,37,2024/04/19 08:51 PM,1,9
1324,290,2024/03/17 09:49 PM,1,11
1325,489,2024/03/28 11:35 PM,1,4
1326,193,2024/02/18 12:10 PM,7,27
1327,246,2024/02/29 09:39 AM,3,4
1328,533,2024/03/11 01:00 PM,8,25
1329,189,2024/04/18 03:46 AM,0,23
1330,353,2024/02/25 04:56 AM,8,7
1331,516,2024/04/16 09:22 PM,7,29
1332,287,2024/04/08 06:24 PM,3,29
1333,45,2024/04/25 10:22 AM,8,20
1334,383,2024/04/25 05:35 PM,4,17
1335,31,2024/04/11 12:49 AM,6,8
1336,89,2024/04/29 01:59 AM,0,15
1337,538,2024/03/06 11:36 PM,3,24
1338,201,2024/02/23 07:58 AM,8,26
1339,480,2024/04/04 09:05 AM,0,2
1340,117,2024/03/20 09:49 PM,1,20
1341,266,2024/03/18 05:21 PM,8,27
1342,320,2024/04/02 03:42 AM,7,22
1343,529,2024/04/01 07:08 AM,3,7
1344,15,2024/03/13 05:52 AM,5,5
1345,374,2024/04/18 12:59 AM,10,5
1346,193,2024/03/09 06:20 AM,7,4
1347,288,2024/02/29 07:18 AM,6,10
1348,312,2024/04/27 10:19 AM,7,3
1349,496,2024/03/30 08:14 PM,2,29
1350,158,2024/02/26 04:26 PM,4,4
1351,45,2024/03/09 12:29 AM,8,11
1352,62,2024/02/18 12:03 AM,5,23
1353,305,2024/04/05 12:25 AM,9,4
1354,77,2024/03/19 11:16 AM,9,11
1355,238,2024/03/04 07:09 AM,10,8
1356,213,2024/04/12 08:41 PM,1,14
1357,47,2024/03/23 05:06 PM,9,12
1358,234,2024/04/07 07:12 PM,0,17
1359,340,2024/04/03 07:27 AM,6,2
1360,515,2024/03/25 08:42 AM,6,18
1361,374,2024/02/22 08:15 PM,2,22
1362,177,2024/04/03 08:31 PM,2,16
1363,6,2024/02/18 01:46 PM,8,6
1364,520,2024/04/06 07:27 PM,4,22
1365,408,2024/02/22 01:25 PM,10,5
1366,349,2024/03/28 11:07 AM,11,18
1367,425,2024/03/28 01:27 AM,7,10
1368,364,2024/02/18 11:04 PM,9,28
1369,270,2024/04/25 12:11 AM,4,26
1370,506,2024/03/25 03:13 PM,6,17
1371,8,2024/03/20 12:39 PM,5,9
1372,91,2024/02/29 08:27 AM,3,21
1373,446,2024/03/23 10:35 PM,0,13
1374,204,2024/02/20 08:41 PM,12,17
1375,311,2024/04/21 06:29 PM,11,8
1376,27,2024/03/24 09:11 PM,5,20
1377,307,2024/04/07 07:50 AM,2,4
1378,518,2024/03/07 07:55 PM,4,5
1379,536,2024/03/22 12:05 PM,10,29
1380,43,2024/03/04 05:43 AM,11,24
1381,537,2024/04/19 02:13 AM,10,26
1382,179,2024/04/08 05:21 AM,12,4
1383,422,2024/03/13 05:03 AM,12,16
1384,284,2024/04/27 10:08 PM,7,6
1385,450,2024/04/21 06:08 AM,5,16
1386,345,2024/03/10 01:27 PM,12,18
1387,187,2024/03/08 08:54 AM,6,10
1388,238,2024/04/06 02:35 PM,7,12
1389,243,2024/03/17 09:14 PM,3,27
1390,453,2024/04/10 04:16 AM,3,20
1391,536,2024/03/18 11:14 PM,9,26
1392,497,2024/03/06 03:27 PM,6,23
1393,428,2024/03/06 02:57 PM,0,25
1394,34,2024/03/11 05:13 AM,5,7
1395,15,2024/04/05 11:55 AM,5,20
1396,243,2024/04/09 09:27 AM,12,4
1397,506,2024/03/19 05:46 PM,9,28
1398,238,2024/03/04 03:41 PM,0,25
1399,509,2024/03/30 08:30 AM,10,16
1400,209,2024/03/26 08:35 AM,7,22
1401,540,2024/03/12 01:33 PM,12,26
1402,343,2024/04/25 06:43 PM,8,24
1403,105,2024/03/09 05:02 PM,7,10
1404,492,2024/04/27 11:06 AM,9,16
1405,329,2024/03/18 02:18 AM,5,25
1406,260,2024/03/10 03:36 PM,7,7
1407,486,2024/03/04 01:38 PM,5,28
1408,336,2024/04/22 08:40 AM,6,25
1409,172,2024/03/27 02:46 AM,0,24
1410,326,2024/03/03 11:28 AM,11,3
1411,329,2024/03/19 08:02 AM,11,20
1412,331,2024/02/26 06:52 AM,12,24
1413,151,2024/02/23 01:55 AM,11,21
1414,467,2024/04/24 08:07 PM,2,28
1415,344,2024/02/25 04:04 AM,1,13
1416,104,2024/03/28 10:58 AM,0,5
1417,480,2024/03/29 06:36 PM,1,1
1418,365,2024/04/03 09:32 PM,11,12
1419,105,2024/02/18 09:21 PM,4,2
1420,525,2024/04/12 01:22 AM,12,9
1421,31,2024/04/26 09:00 AM,10,15
1422,447,2024/03/12 11:43 PM,12,4
1423,164,2024/02/27 09:46 PM,12,29
1424,237,2024/04/08 09:02 AM,8,29
1425,248,2024/03/08 02:57 PM,11,19
1426,49,2024/03/24 10:12 AM,12,15
1427,248,2024/03/08 09:32 AM,5,1
1428,207,2024/03/15 11:36 PM,9,19
1429,92,2024/04/23 07:59 PM,10,22
1430,405,2024/03/13 08:18 PM,2,19
1431,68,2024/02/17 04:51 AM,5,11
1432,368,2024/04/18 12:12 AM,1,28
1433,225,2024/02/20 02:07 AM,5,7
1434,270,2024/03/02 12:18 PM,10,23
1435,368,2024/04/15 12:10 AM,1,3
1436,143,2024/04/15 03:42 PM,8,24
1437,413,2024/03/03 01:42 AM,9,10
1438,513,2024/02/21 12:14 PM,7,2
1439,432,2024/04/13 12:17 PM,1,3
1440,161,2024/04/27 11:58 AM,2,1
1441,475,2024/04/07 05:25 PM,4,22
1442,124,2024/03/16 02:02 AM,5,27
1443,88,2024/04/07 04:43 PM,0,28
1444,300,2024/02/17 07:30 PM,3,16
1445,167,2024/04/13 04:31 PM,9,28
1446,115,2024/03/14 01:00 PM,10,16
1447,309,2024/03/23 05:58 AM,1,16
1448,302,2024/04/20 04:19 PM,5,10
1449,324,2024/04/07 08:35 AM,7,6
1450,393,2024/02/28 01:32 PM,3,3
1451,458,2024/03/24 01:13 PM,0,16
1452,282,2024/03/16 11:04 AM,6,29
1453,412,2024/03/26 04:51 PM,6,22
1454,516,2024/02/20 10:52 PM,0,28
1455,174,2024/04/18 02:41 AM,7,21
1456,61,2024/03/30 03:40 PM,0,16
1457,345,2024/04/15 02:03 AM,1,1
1458,205,2024/04/15 01:25 AM,9,8
1459,222,2024/04/20 09:24 AM,9,19
1460,144,2024/04/23 09:44 PM,6,28
1461,287,2024/04/19 07:58 AM,1,9
1462,145,2024/02/15 11:40 PM,4,5
1463,69,2024/03/30 09:33 AM,10,14
1464,494,2024/04/24 12:19 PM,4,24
1465,114,2024/03/27 03:39 PM,5,29
1466,167,2024/03/16 12:39 PM,5,5
1467,217,2024/03/04 07:50 PM,2,17
1468,110,2024/03/27 12:16 AM,12,21
1469,473,2024/03/01 01:48 PM,10,19
1470,355,2024/03/10 02:07 AM,12,9
1471,456,2024/04/12 04:12 PM,5,21
1472,106,2024/04/10 01:59 AM,9,29
1473,142,2024/03/01 05:05 AM,10,13
1474,123,2024/02/18 10:27 AM,3,13
1475,418,2024/03/31 11:43 AM,4,14
1476,331,2024/02/18 02:19 PM,3,10
1477,14,2024/03/31 05:05 AM,5,25
1478,113,2024/02/22 11:52 AM,1,29
1479,349,2024/04/02 10:41 AM,0,19
1480,465,2024/04/19 09:04 PM,7,15
1481,13,2024/03/15 04:47 AM,0,25
1482,305,2024/03/06 11:36 PM,0,25
1483,520,2024/03/31 08:04 PM,4,12
1484,476,2024/04/28 02:54 PM,10,11
1485,196,2024/03/17 09:04 PM,1,1
1486,26,2024/02/16 02:17 AM,12,4
1487,322,2024/03/20 03:42 PM,1,26
1488,478,2024/03/21 04:07 PM,7,3
1489,166,2024/03/08 08:27 AM,9,25
1490,168,2024/03/16 07:06 AM,4,8
1491,481,2024/04/14 01:55 PM,1,18
1492,425,2024/04/24 07:03 AM,4,7
1493,39,2024/03/05 01:07 PM,3,12
1494,165,2024/02/26 02:01 PM,12,23
1495,294,2024/03/21 04:30 PM,1,20
1496,401,2024/04/15 03:32 AM,1,26
1497,66,2024/03/12 02:30 AM,7,22
1498,204,2024/04/23 12:00 PM,10,2
1499,50,2024/04/25 06:19 AM,2,9
1500,24,2024/04/10 04:35 PM,1,5
1501,112,2024/04/16 03:47 AM,10,22
1502,226,2024/02/23 01:46 PM,6,26
1503,445,2024/03/29 07:36 PM,0,3
1504,511,2024/04/02 02:27 PM,3,21
1505,201,2024/03/28 11:44 PM,5,21
1506,328,2024/04/07 09:26 AM,4,17
1507,318,2024/02/22 08:58 PM,3,20
1508,222,2024/04/20 07:42 PM,2,9
1509,476,2024/03/22 10:14 PM,0,13
1510,221,2024/03/15 04:36 PM,11,4
1511,121,2024/02/25 02:05 AM,3,25
1512,336,2024/03/08 09:22 AM,2,16
1513,415,2024/02/17 07:03 AM,2,19
1514,245,2024/02/21 11:01 AM,6,12
1515,496,2024/04/10 10:13 AM,7,11
1516,442,2024/04/07 10:42 PM,1,11
1517,405,2024/03/26 04:53 PM,10,7
1518,80,2024/04/20 09:05 AM,8,7
1519,328,2024/03/16 10:35 PM,4,17
1520,18,2024/03/08 11:49 PM,3,11
1521,454,2024/03/03 12:57 AM,11,13
1522,261,2024/04/03 02:53 PM,6,8
1523,317,2024/03/30 05:35 PM,3,23
1524,276,2024/03/12 02:34 AM,0,16
1525,396,2024/03/12 09:44 PM,0,9
1526,42,2024/04/02 09:26 PM,12,8
1527,391,2024/03/28 07:28 PM,3,9
1528,9,2024/03/11 04:09 PM,12,24
1529,324,2024/02/23 01:06 AM,0,10
1530,447,2024/02/22 05:27 PM,5,22
1531,224,2024/02/28 10:28 PM,6,11
1532,3,2024/03/24 06:25 AM,8,21
1533,88,2024/04/21 07:24 PM,3,16
1534,207,2024/03/17 12:07 PM,0,17
1535,166,2024/04/24 08:55 AM,10,12
1536,107,2024/04/02 08:08 AM,0,21
1537,65,2024/04/26 05:41 PM,4,4
1538,274,2024/03/23 01:43 AM,11,15
1539,9,2024/03/10 06:23 AM,2,19
1540,123,2024/04/26 05:40 AM,6,13
1541,166,2024/03/14 11:12 PM,5,23
1542,329,2024/04/11 11:03 PM,0,29
1543,208,2024/04/16 12:32 PM,10,8
1544,477,2024/03/19 01:27 PM,12,7
1545,392,2024/03/31 03:14 PM,4,6
1546,239,2024/02/23 07:06 AM,6,17
1547,382,2024/04/26 07:42 PM,9,10
1548,49,2024/03/08 12:13 AM,3,23
1549,329,2024/02/27 06:34 PM,8,23
1550,65,2024/02/22 05:25 PM,11,26
1551,526,2024/04/12 12:29 PM,10,25
1552,477,2024/02/16 10:04 AM,4,9
1553,192,2024/02/16 04:45 AM,7,19
1554,191,2024/03/10 08:24 AM,2,26
1555,374,2024/04/20 04:37 AM,4,5
1556,488,2024/02/28 09:56 AM,0,24
1557,218,2024/03/25 06:48 PM,11,25
1558,20,2024/02/17 12:34 PM,0,15
1559,297,2024/04/01 05:59 PM,8,23
1560,32,2024/03/10 07:21 AM,11,19
1561,260,2024/02/16 06:20 AM,3,12
1562,59,2024/04/08 06:44 PM,0,16
1563,395,2024/02/16 11:29 PM,3,3
1564,64,2024/04/23 07:39 AM,2,3
1565,374,2024/02/27 09:03 AM,9,18
1566,454,2024/03/08 10:00 PM,7,24
1567,75,2024/02/19 07:01 PM,1,6
1568,31,2024/04/13 11:48 PM,0,15
1569,44,2024/03/11 04:57 PM,8,18
1570,165,2024/03/22 09:05 PM,6,29
1571,403,2024/03/14 06:46 AM,5,7
1572,23,2024/03/08 11:18 AM,5,3
1573,60,2024/02/23 08:35 AM,7,26
1574,348,2024/03/21 05:52 PM,5,20
1575,206,2024/03/14 12:34 AM,12,24
1576,44,2024/03/04 08:01 AM,4,25
1577,313,2024/03/25 05:43 PM,12,13
1578,294,2024/03/18 02:49 PM,7,6
1579,518,2024/03/22 09:08 AM,11,5
1580,461,2024/03/04 01:52 PM,5,2
1581,27,2024/04/10 10:06 AM,12,21
1582,479,2024/03/15 08:27 AM,2,20
1583,208,2024/04/14 04:51 AM,3,20
1584,148,2024/04/15 12:28 AM,10,16
1585,285,2024/04/24 09:17 PM,1,22
1586,201,2024/04/23 10:38 AM,3,23
1587,34,2024/04/12 10:17 AM,2,9
1588,189,2024/04/03 11:15 PM,12,6
1589,242,2024/03/28 05:18 PM,10,16
1590,390,2024/03/13 07:54 AM,12,3
1591,472,2024/04/01 09:01 PM,1,9
1592,297,2024/03/05 09:34 PM,9,8
1593,371,2024/03/04 09:01 AM,2,16
1594,66,2024/04/28 01:49 AM,9,10
1595,248,2024/02/29 03:45 AM,6,11
1596,37,2024/03/09 04:34 PM,5,17
1597,309,2024/04/11 01:10 AM,12,19
1598,76,2024/03/22 12:54 PM,3,8
1599,329,2024/03/18 08:14 PM,0,24
1600,219,2024/03/25 08:53 AM,9,12
1601,330,2024/03/19 02:21 PM,4,7
1602,504,2024/04/11 03:33 AM,7,15
1603,278,2024/02/25 01:25 AM,9,10
1604,515,2024/02/28 05:27 PM,3,20
1605,474,2024/03/17 02:47 AM,10,25
1606,85,2024/02/21 04:51 AM,4,15
1607,116,2024/03/12 07:26 AM,11,13
1608,227,2024/04/06 01:53 PM,6,9
1609,213,2024/04/19 07:00 AM,11,20
1610,265,2024/04/01 10:18 PM,2,15
1611,211,2024/02/26 09:35 PM,7,14
1612,82,2024/03/15 03:24 AM,10,17
1613,79,2024/04/06 02:02 PM,9,10
1614,410,2024/03/07 04:09 AM,3,19
1615,226,2024/02/29 09:29 AM,11,24
1616,271,2024/02/27 02:49 AM,9,6
1617,199,2024/03/17 02:26 PM,4,1
1618,70,2024/04/13 04:57 PM,4,6
1619,405,2024/03/11 08:43 PM,9,4
1620,349,2024/03/21 10:38 PM,5,5
1621,150,2024/03/12 05:26 PM,8,10
1622,488,2024/03/02 03:09 AM,2,13
1623,19,2024/03/09 10:40 AM,4,19
1624,390,2024/03/24 02:58 AM,2,22
1625,320,2024/04/13 02:59 PM,11,24
1626,539,2024/04/12 07:48 PM,4,18
1627,10,2024/03/14 04:41 PM,6,19
1628,169,2024/02/19 03:11 PM,11,8
1629,511,2024/02/18 03:15 PM,9,20
1630,498,2024/02/17 12:28 AM,2,4
1631,63,2024/03/08 11:21 AM,2,2
1632,455,2024/04/20 04:54 PM,7,24
1633,82,2024/02/27 12:12 PM,6,22
1634,465,2024/02/18 06:38 PM,6,20
1635,519,2024/03/03 06:37 PM,2,15
1636,425,2024/04/26 05:41 AM,6,10
1637,52,2024/04/24 04:07 PM,7,11
1638,7,2024/02/29 07:40 AM,0,5
1639,366,2024/04/24 08:20 PM,8,2
1640,361,2024/04/20 02:36 PM,3,13
1641,378,2024/04/01 04:33 PM,8,25
1642,320,2024/03/31 02:32 PM,6,5
1643,82,2024/03/10 02:38 PM,8,17
1644,293,2024/04/05 04:25 AM,4,7
1645,482,2024/03/13 01:44 PM,8,27
1646,292,2024/04/22 11:23 PM,11,20
1647,495,2024/03/31 08:41 PM,7,24
1648,427,2024/04/09 11:08 PM,2,3
1649,191,2024/04/17 04:13 AM,3,3
1650,320,2024/02/15 07:10 PM,3,25
1651,153,2024/04/16 08:10 AM,2,25
1652,60,2024/02/23 03:52 PM,11,11
1653,9,2024/04/21 05:14 PM,3,6
1654,302,2024/03/18 08:49 AM,12,22
1655,332,2024/03/06 01:14 AM,11,9
1656,217,2024/02/29 02:12 AM,12,3
1657,334,2024/04/20 03:12 AM,10,22
1658,208,2024/03/21 01:26 PM,1,8
1659,299,2024/04/06 01:26 AM,2,7
1660,276,2024/03/12 03:31 PM,9,16
1661,417,2024/04/20 07:15 PM,0,20
1662,110,2024/03/05 12:33 AM,3,20
1663,166,2024/02/24 02:38 PM,8,16
1664,23,2024/04/03 08:53 PM,8,28
1665,506,2024/04/27 03:04 AM,7,6
1666,522,2024/03/18 04:52 PM,5,26
1667,481,2024/04/23 06:52 PM,1,10
1668,117,2024/02/16 10:36 AM,2,28
1669,85,2024/03/14 04:29 PM,12,16
1670,310,2024/04/27 01:25 AM,9,11
1671,354,2024/04/08 04:44 AM,2,5
1672,335,2024/03/22 09:47 AM,8,8
1673,225,2024/04/07 09:21 AM,2,21
1674,266,2024/03/18 11:09 AM,1,2
1675,24,2024/03/30 03:28 PM,9,6
1676,158,2024/03/13 12:55 PM,1,20
1677,492,2024/04/15 07:13 PM,3,14
1678,237,2024/02/27 03:37 AM,4,18
1679,306,2024/03/19 03:04 AM,4,21
1680,470,2024/03/22 07:39 AM,8,14
1681,347,2024/04/12 09:17 AM,10,10
1682,3,2024/03/24 04:10 PM,9,8
1683,199,2024/03/31 06:03 PM,7,10
1684,450,2024/03/10 03:51 PM,3,9
1685,60,2024/03/18 05:53 AM,5,26
1686,153,2024/04/25 02:09 AM,10,19
1687,37,2024/04/01 02:16 AM,4,27
1688,209,2024/04/04 04:50 AM,6,27
1689,471,2024/03/26 09:23 PM,2,10
1690,421,2024/03/17 02:04 PM,2,17
1691,540,2024/03/02 11:41 PM,2,22
1692,141,2024/04/06 11:43 PM,4,9
1693,153,2024/03/11 02:53 PM,6,9
1694,91,2024/02/25 02:05 AM,11,1
1695,110,2024/03/01 01:57 PM,12,9
1696,292,2024/03/17 09:48 AM,3,22
1697,526,2024/02/19 11:04 PM,3,15
1698,222,2024/04/12 05:56 PM,7,2
1699,93,2024/03/31 09:20 PM,8,8
1700,8,2024/03/22 02:51 AM,0,11
1701,177,2024/03/06 02:20 PM,10,8
1702,450,2024/04/15 07:04 PM,2,11
1703,254,2024/04/20 07:10 PM,2,12
1704,458,2024/03/14 07:01 PM,2,28
1705,213,2024/02/21 10:09 PM,6,9
1706,242,2024/04/07 02:37 PM,5,28
1707,305,2024/03/25 09:24 PM,10,11
1708,33,2024/03/11 08:57 AM,3,11
1709,278,2024/04/27 07:24 PM,12,26
1710,211,2024/03/06 07:49 PM,5,13
1711,197,2024/02/23 11:16 AM,0,27
1712,180,2024/02/24 05:37 AM,9,21
1713,224,2024/04/27 04:54 AM,9,24
1714,158,2024/03/26 01:30 AM,11,5
1715,28,2024/02/23 02:54 PM,9,8
1716,522,2024/04/21 03:48 AM,3,29
1717,366,2024/04/08 02:32 PM,10,9
1718,69,2024/02/20 09:49 PM,2,17
1719,526,2024/04/04 01:59 AM,0,18
1720,515,2024/04/02 11:25 PM,9,20
1721,344,2024/03/02 05:23 PM,10,7
1722,284,2024/02/23 07:14 PM,1,7
1723,522,2024/02/21 10:09 PM,3,4
1724,35,2024/04/04 06:41 PM,1,3
1725,2,2024/03/17 12:55 AM,0,29
1726,274,2024/03/13 03:46 PM,12,26
1727,174,2024/04/18 01:15 PM,11,3
1728,438,2024/03/21 03:25 PM,10,4
1729,140,2024/04/17 11:36 PM,0,17
1730,81,2024/04/17 04:42 PM,10,2
1731,308,2024/03/03 09:01 PM,3,21
1732,132,2024/03/18 05:37 PM,1,13
1733,435,2024/03/02 11:19 AM,0,24
1734,352,2024/03/14 06:04 PM,7,10
1735,237,2024/02/16 02:20 AM,9,13
1736,61,2024/04/07 01:48 AM,0,14
1737,68,2024/02/20 11:01 AM,1,19
1738,29,2024/04/02 11:15 PM,8,2
1739,354,2024/03/31 08:21 PM,2,21
1740,404,2024/02/19 06:38 PM,3,21
1741,90,2024/03/27 12:43 AM,6,16
1742,309,2024/03/05 10:43 PM,0,12
1743,413,2024/03/01 08:04 PM,0,23
1744,392,2024/02/28 06:34 PM,9,3
1745,317,2024/03/19 02:12 AM,5,28
1746,536,2024/04/05 09:29 PM,12,10
1747,55,2024/03/21 11:10 PM,6,19
1748,389,2024/04/26 01:55 AM,4,7
1749,270,2024/03/15 11:57 AM,6,10
1750,302,2024/03/05 02:06 PM,12,20
1751,85,2024/02/19 08:23 AM,6,7
1752,457,2024/03/22 10:05 PM,1,4
1753,422,2024/03/30 12:33 AM,8,20
1754,18,2024/04/27 03:53 PM,7,20
1755,322,2024/04/24 08:11 PM,9,10
1756,205,2024/02/15 05:29 PM,9,18
1757,450,2024/04/13 05:00 PM,9,2
1758,21,2024/03/03 10:12 PM,0,3
1759,294,2024/04/25 06:40 PM,4,13
1760,157,2024/04/22 10:45 PM,7,10
1761,2,2024/04/11 07:30 AM,6,27
1762,147,2024/02/23 01:02 PM,8,12
1763,17,2024/04/27 06:23 PM,5,16
1764,298,2024/03/18 12:56 AM,11,25
1765,65,2024/03/20 08:33 PM,0,23
1766,188,2024/03/08 11:58 AM,8,8
1767,17,2024/04/17 03:36 AM,4,6
1768,233,2024/03/23 08:09 AM,8,1
1769,438,2024/03/06 01:42 PM,0,19
1770,31,2024/03/02 12:24 AM,12,10
1771,339,2024/03/27 05:45 AM,9,5
1772,330,2024/04/11 07:08 PM,8,15
1773,147,2024/02/23 07:02 PM,12,28
1774,123,2024/04/16 05:43 AM,3,17
1775,80,2024/04/19 01:26 PM,0,2
1776,307,2024/04/28 12:43 PM,0,15
1777,521,2024/03/16 08:49 AM,11,29
1778,94,2024/04/05 07:44 PM,10,15
1779,101,2024/04/17 09:30 AM,3,23
1780,330,2024/04/20 03:58 AM,10,5
1781,158,2024/04/14 04:00 AM,1,11
1782,367,2024/03/10 07:55 PM,8,6
1783,434,2024/03/15 07:33 PM,6,23
1784,17,2024/04/04 01:39 PM,3,3
1785,202,2024/03/18 10:39 AM,12,26
1786,145,2024/03/28 05:43 PM,2,16
1787,407,2024/04/15 06:12 AM,11,11
1788,373,2024/04/07 04:52 AM,5,11
1789,530,2024/04/02 02:46 AM,4,4
1790,529,2024/02/17 02:41 AM,6,21
1791,41,2024/03/08 08:38 PM,7,12
1792,263,2024/04/05 10:47 AM,3,10
1793,438,2024/02/26 04:15 PM,8,7
1794,71,2024/04/17 05:29 PM,10,7
1795,116,2024/04/10 09:56 AM,1,9
1796,236,2024/03/09 06:44 AM,8,26
1797,177,2024/04/28 05:08 AM,7,16
1798,290,2024/03/20 08:11 PM,2,18
1799,536,2024/02/20 06:01 AM,5,11
1800,36,2024/03/27 05:01 PM,8,14
1801,242,2024/03/09 03:45 PM,1,29
1802,293,2024/04/07 02:10 PM,6,21
1803,44,2024/04/22 02:11 PM,9,24
1804,467,2024/03/29 02:53 AM,12,13
1805,22,2024/04/13 05:49 PM,6,21
1806,130,2024/04/29 10:46 PM,7,22
1807,122,2024/04/14 10:27 AM,4,14
1808,513,2024/02/20 02:49 PM,0,28
1809,206,2024/03/23 02:47 AM,11,2
1810,416,2024/02/20 01:44 AM,9,22
1811,33,2024/04/15 10:58 AM,3,4
1812,346,2024/04/06 05:21 AM,12,12
1813,256,2024/03/12 01:41 AM,0,21
1814,428,2024/02/19 10:02 AM,12,19
1815,200,2024/04/10 06:22 PM,9,3
1816,292,2024/03/15 04:43 PM,6,21
1817,168,2024/03/26 07:38 PM,0,25
1818,420,2024/02/28 03:47 AM,11,2
1819,156,2024/04/16 02:58 PM,3,29
1820,531,2024/04/22 11:51 AM,0,7
1821,515,2024/03/31 05:05 PM,5,10
1822,317,2024/03/29 07:27 AM,4,16
1823,154,2024/03/15 05:26 PM,10,26
1824,293,2024/04/26 06:26 AM,8,13
1825,308,2024/04/28 07:12 AM,3,14
1826,189,2024/03/11 09:11 AM,9,29
1827,62,2024/03/31 08:44 AM,8,22
1828,460,2024/02/25 03:30 PM,9,28
1829,247,2024/04/27 05:36 AM,6,21
1830,29,2024/04/16 06:33 AM,6,24
1831,246,2024/03/07 05:41 PM,7,8
1832,70,2024/02/19 10:40 AM,8,21
1833,95,2024/04/19 03:12 PM,12,7
1834,416,2024/02/23 05:26 AM,8,21
1835,198,2024/03/28 06:55 PM,6,15
1836,17,2024/04/03 08:57 AM,10,28
1837,8,2024/04/29 08:39 PM,4,17
1838,126,2024/03/26 04:50 PM,8,25
1839,324,2024/02/22 01:58 AM,4,14
1840,18,2024/04/29 03:24 PM,7,23
1841,393,2024/03/31 07:18 AM,0,19
1842,374,2024/04/04 05:22 PM,9,20
1843,45,2024/04/12 05:33 PM,12,16
1844,36,2024/03/25 11:28 AM,9,20
1845,194,2024/03/21 01:38 PM,11,15
1846,268,2024/04/06 06:14 PM,2,7
1847,445,2024/02/28 12:29 PM,9,14
1848,283,2024/03/09 11:22 PM,2,13
1849,302,2024/03/03 01:41 AM,9,10
1850,58,2024/03/29 09:28 AM,5,19
1851,122,2024/03/31 08:58 PM,12,4
1852,6,2024/02/18 08:13 PM,1,10
1853,384,2024/02/20 03:45 AM,1,15
1854,225,2024/04/27 04:39 PM,9,7
1855,21,2024/04/16 05:21 AM,7,21
1856,170,2024/03/28 12:40 AM,12,25
1857,151,2024/04/06 03:26 AM,6,23
1858,56,2024/02/23 04:51 PM,8,8
1859,151,2024/04/24 05:34 AM,1,28
1860,146,2024/04/07 06:16 PM,5,29
1861,494,2024/04/11 12:54 PM,1,1
1862,471,2024/02/27 11:26 AM,10,22
1863,297,2024/03/28 05:44 AM,3,26
1864,214,2024/04/11 08:31 PM,6,21
1865,150,2024/04/19 07:36 PM,3,26
1866,511,2024/02/19 04:18 AM,1,25
1867,359,2024/02/17 10:38 AM,7,23
1868,399,2024/03/28 01:21 AM,3,17
1869,21,2024/03/23 10:36 PM,12,12
1870,279,2024/04/09 03:10 AM,11,1
1871,461,2024/03/22 08:27 AM,0,14
1872,369,2024/03/10 01:46 AM,7,27
1873,362,2024/04/10 08:13 PM,4,17
1874,19,2024/04/05 03:47 PM,5,8
1875,425,2024/03/26 09:37 PM,12,26
1876,451,2024/03/18 02:02 PM,8,13
1877,353,2024/04/13 04:11 PM,2,20
1878,110,2024/04/05 01:33 PM,3,27
1879,529,2024/03/11 05:09 AM,12,17
1880,212,2024/03/13 11:53 PM,7,1
1881,298,2024/04/25 04:10 PM,10,18
1882,91,2024/02/27 02:09 PM,7,19
1883,209,2024/02/20 10:54 AM,6,11
1884,512,2024/03/28 12:12 AM,10,24
1885,310,2024/02/29 06:21 PM,9,20
1886,181,2024/03/12 12:17 AM,10,24
1887,280,2024/03/28 11:46 PM,9,5
1888,511,2024/02/21 08:24 AM,9,5
1889,359,2024/04/20 11:07 AM,12,10
1890,33,2024/02/26 08:58 AM,12,20
1891,368,2024/03/14 12:47 AM,3,12
1892,302,2024/04/23 02:05 PM,8,10
1893,307,2024/04/17 11:03 AM,7,7
1894,323,2024/04/08 03:03 AM,0,4
1895,80,2024/04/13 08:37 AM,4,1
1896,155,2024/04/21 03:10 AM,11,11
1897,139,2024/03/20 07:46 AM,5,14
1898,447,2024/04/26 06:51 PM,9,7
1899,106,2024/02/22 06:25 PM,7,25
1900,518,2024/04/03 08:42 PM,0,2
1901,376,2024/03/10 06:43 PM,6,3
1902,443,2024/04/19 12:50 PM,0,17
1903,167,2024/02/28 08:45 PM,11,11
1904,119,2024/02/24 01:25 PM,12,1
1905,240,2024/04/20 12:21 PM,2,2
1906,17,2024/04/24 12:42 PM,1,29
1907,189,2024/04/22 12:50 AM,3,26
1908,79,2024/02/28 03:59 PM,3,17
1909,454,2024/03/27 10:28 PM,8,26
1910,220,2024/02/22 03:19 PM,4,15
1911,501,2024/03/01 01:38 PM,3,3
1912,358,2024/03/14 12:30 PM,5,2
1913,496,2024/04/19 10:03 AM,4,4
1914,391,2024/03/10 10:57 PM,4,11
1915,24,2024/03/13 07:49 PM,12,22
1916,438,2024/04/03 07:07 PM,10,17
1917,206,2024/03/28 07:52 PM,6,4
1918,257,2024/02/16 04:15 PM,1,1
1919,322,2024/02/28 08:24 AM,11,28
1920,274,2024/02/19 05:11 AM,2,16
1921,479,2024/03/11 09:42 PM,5,2
1922,508,2024/04/01 09:04 AM,11,8
1923,259,2024/02/27 11:09 AM,3,20
1924,438,2024/04/05 08:56 AM,1,7
1925,187,2024/04/05 01:25 PM,1,19
1926,473,2024/02/27 12:09 PM,8,20
1927,361,2024/04/20 01:10 PM,11,3
1928,276,2024/04/24 12:34 PM,3,23
1929,38,2024/04/01 05:55 PM,6,1
1930,20,2024/04/09 02:16 PM,12,28
1931,97,2024/03/18 04:54 PM,9,25
1932,126,2024/03/02 11:38 PM,1,11
1933,211,2024/03/20 06:15 AM,8,26
1934,111,2024/04/15 09:02 PM,8,12
1935,211,2024/04/10 05:03 PM,5,5
1936,493,2024/04/08 02:24 AM,10,25
1937,334,2024/02/20 04:38 AM,3,22
1938,79,2024/03/26 12:47 PM,11,22
1939,350,2024/04/03 07:42 PM,4,1
1940,260,2024/02/18 04:57 AM,5,25
1941,75,2024/03/23 06:21 AM,7,16
1942,107,2024/02/18 05:53 PM,6,15
1943,212,2024/03/18 01:16 AM,8,25
1944,499,2024/03/15 09:49 PM,0,12
1945,281,2024/02/23 11:35 AM,7,10
1946,525,2024/04/28 06:32 AM,10,29
1947,190,2024/04/01 08:58 AM,1,29
1948,151,2024/03/06 10:54 PM,3,24
1949,304,2024/03/22 02:55 PM,9,28
1950,427,2024/04/18 03:31 PM,4,13
1951,417,2024/04/17 12:36 PM,12,25
1952,285,2024/03/08 03:03 PM,0,1
1953,83,2024/03/20 01:00 AM,12,9
1954,345,2024/03/29 01:40 AM,1,26
1955,443,2024/04/06 08:01 AM,8,12
1956,431,2024/03/24 11:21 AM,8,17
1957,35,2024/04/25 12:56 PM,3,2
1958,180,2024/04/20 01:16 AM,10,28
1959,167,2024/03/07 06:34 PM,8,27
1960,500,2024/04/03 03:27 PM,7,14
1961,420,2024/03/24 08:24 PM,10,24
1962,255,2024/04/16 07:33 AM,6,28
1963,169,2024/02/25 02:19 PM,7,4
1964,224,2024/03/11 05:15 PM,1,11
1965,32,2024/04/15 11:01 AM,2,15
1966,419,2024/02/27 08:56 PM,4,14
1967,216,2024/02/20 06:06 PM,11,1
1968,200,2024/02/22 05:43 AM,3,19
1969,484,2024/03/25 01:23 AM,1,25
1970,16,2024/04/02 08:00 AM,3,28
1971,153,2024/04/02 06:34 PM,5,3
1972,414,2024/03/04 07:12 AM,9,6
1973,492,2024/03/16 11:36 PM,12,5
1974,68,2024/02/28 05:40 PM,1,5
1975,98,2024/04/10 11:53 AM,9,12
1976,406,2024/04/06 10:51 PM,2,2
1977,307,2024/02/21 06:15 AM,11,13
1978,357,2024/03/30 10:19 AM,1,8
1979,234,2024/02/18 02:00 PM,5,24
1980,427,2024/04/22 05:29 PM,7,28
1981,231,2024/04/16 08:25 AM,0,27
1982,19,2024/04/19 05:03 PM,10,8
1983,499,2024/04/22 12:33 AM,3,21
1984,119,2024/03/10 02:06 PM,8,27
1985,313,2024/04/15 05:01 PM,4,11
1986,447,2024/02/25 02:28 AM,7,13
1987,242,2024/04/28 07:43 PM,7,18
1988,441,2024/04/21 10:26 PM,7,5
1989,449,2024/04/23 01:18 AM,11,17
1990,238,2024/04/21 10:07 PM,4,27
1991,347,2024/03/01 06:40 AM,3,10
1992,300,2024/03/25 05:57 PM,10,27
1993,324,2024/03/28 06:21 AM,3,11
1994,516,2024/03/06 06:56 AM,10,29
1995,186,2024/03/27 06:15 PM,3,6
1996,536,2024/03/01 06:28 AM,5,14
1997,369,2024/03/01 02:29 PM,4,23
1998,168,2024/04/13 06:24 PM,10,19
1999,395,2024/03/17 10:21 PM,7,5
